,Vehiculo,Marca,Modelo,Version,Traccion,Precio,Fecha matriculacion,Combustible,km,Carroceria,Cambio,Potencia,Garantia,Distintivo ambiental,Meses
0,NISSAN Qashqai  1.3 DIG-T Acenta N-STYLE,NISSAN,Qashqai,Acenta,4x2,16810.0,2019-06-01,Gasolina,13200.0,Berlina mediana o grande,Manual,140.0,24.0,C,11
1,NISSAN Micra IG-T S&S Acenta 90,NISSAN,Micra,Acenta,4x2,7500.0,2017-02-01,Gasolina,62000.0,Berlina,Manual,90.0,12.0,C,39
2,NISSAN Qashqai 1.5dCi Acenta 4x2,NISSAN,Qashqai,Acenta,4x2,14900.0,2017-04-01,Diesel,44000.0,Todo Terreno,Manual,110.0,12.0,C,37
3,NISSAN Juke 1.6 Tekna 4x2 XTronic CVT 112,NISSAN,Juke,Tekna,4x2,15900.0,2018-10-01,Gasolina,7879.0,Todo Terreno,Automático,112.0,12.0,C,19
4,NISSAN X-Trail 1.6 DIG-T N-Connecta 4x2,NISSAN,X-Trail,N-Connecta,4x2,25500.0,2019-12-01,Gasolina,0.0,Todo Terreno,Manual,163.0,12.0,C,5
5,NISSAN Juke 1.2 DIG-T N-Connecta 4x2 115,NISSAN,Juke,N-Connecta,4x2,13490.0,2016-08-01,Gasolina,55816.0,Todo Terreno,Manual,115.0,12.0,C,45
6,NISSAN Qashqai 1.6dCi N-Connecta 4x2,NISSAN,Qashqai,N-Connecta,4x2,19900.0,2018-07-01,Diesel,18551.0,Todo Terreno,Manual,130.0,12.0,C,22
7,NISSAN Juke 1.6 N-Connecta 4x2 XTronic 117,NISSAN,Juke,N-Connecta,4x2,11990.0,2017-01-01,Gasolina,79205.0,Todo Terreno,Automático,117.0,12.0,C,40
8,NISSAN Qashqai  1.5dCi 360 4x2 desde 245 euros/mes,NISSAN,Qashqai,,4x2,14000.0,2015-10-01,Diesel,115340.0,"4x4, SUV o pickup",Manual,110.0,12.0,C,55
9,NISSAN Qashqai 1.5dCi N-Connecta 4x2 85kW,NISSAN,Qashqai,N-Connecta,4x2,21900.0,2020-01-01,Diesel,0.0,Todo Terreno,Manual,115.0,12.0,C,4
10,NISSAN Qashqai 1.5dCi N-Motion DCT 4x2 85kW,NISSAN,Qashqai,,4x2,20900.0,2019-08-01,Diesel,12500.0,Todo Terreno,Automático,115.0,12.0,C,9
11,NISSAN Qashqai 1.5dCi Acenta 4x2,NISSAN,Qashqai,Acenta,4x2,16100.0,2018-02-01,Diesel,26000.0,Todo Terreno,Manual,110.0,12.0,C,27
12,NISSAN Qashqai 1.5dCi Acenta 4x2 85kW,NISSAN,Qashqai,Acenta,4x2,22200.0,2018-07-01,Diesel,6433.0,Todo Terreno,Manual,115.0,12.0,C,22
13,NISSAN Qashqai 1.3 DIG-T N-Connecta 4x2 103kW,NISSAN,Qashqai,N-Connecta,4x2,19900.0,2019-05-01,Gasolina,5506.0,Todo Terreno,Manual,140.0,24.0,C,12
14,NISSAN Qashqai 1.3 DIG-T N-Connecta 4x2 103kW,NISSAN,Qashqai,N-Connecta,4x2,18590.0,2019-06-01,Gasolina,24700.0,Todo Terreno,Manual,140.0,24.0,C,11
15,NISSAN Qashqai 1.3 DIG-T N-Motion 4x2 103kW,NISSAN,Qashqai,,4x2,19470.0,2019-07-01,Gasolina,5388.0,Todo Terreno,Manual,140.0,48.0,C,10
16,NISSAN Qashqai  1.2 DIG-T TEKNA,NISSAN,Qashqai,Tekna,4x2,20350.0,2019-06-01,Gasolina,14785.0,Berlina mediana o grande,Manual,140.0,24.0,C,11
17,NISSAN Juke 1.2 DIG-T GT Sport Playstation 4x2 115,NISSAN,Juke,,4x2,14900.0,2018-01-01,Gasolina,36676.0,Todo Terreno,Manual,115.0,18.0,C,28
18,NISSAN Qashqai  1.3 DIG-T Acenta N-STYLE,NISSAN,Qashqai,Acenta,4x2,16810.0,2019-06-01,Gasolina,8933.0,Berlina mediana o grande,Manual,140.0,24.0,C,11
19,NISSAN Juke 1.2 DIG-T Acenta 4x2 115,NISSAN,Juke,Acenta,4x2,9730.0,2017-01-01,Gasolina,39928.0,Todo Terreno,Manual,115.0,12.0,C,40
20,NISSAN Qashqai 1.6dCi Tekna+ 4x2,NISSAN,Qashqai,Tekna,4x2,21900.0,2017-11-01,Diesel,31924.0,Todo Terreno,Manual,130.0,12.0,C,30
21,NISSAN Qashqai 1.5dCi N-Connecta 4x2 85kW,NISSAN,Qashqai,N-Connecta,4x2,18310.0,2019-06-01,Diesel,10000.0,Todo Terreno,Manual,115.0,24.0,C,11
22,NISSAN Juke 1.5dCi N-Connecta 4x2,NISSAN,Juke,N-Connecta,4x2,11510.0,2016-03-01,Diesel,60817.0,Todo Terreno,Manual,110.0,12.0,C,50
23,NISSAN Qashqai 1.6 DIG-T N-Connecta 4x2,NISSAN,Qashqai,N-Connecta,4x2,15040.0,2017-06-01,Gasolina,39343.0,Todo Terreno,Manual,163.0,12.0,C,35
24,NISSAN Qashqai 1.3 DIG-T N-Connecta 4x2 103kW,NISSAN,Qashqai,N-Connecta,4x2,20500.0,2019-06-01,Gasolina,33157.0,Todo Terreno,Manual,140.0,12.0,C,11
25,NISSAN X-Trail 1.6 dCi Tekna 4x2 XTronic,NISSAN,X-Trail,Tekna,4x2,18050.0,2017-02-01,Diesel,43265.0,Todo Terreno,Automático,130.0,12.0,C,39
26,NISSAN Juke 1.2 DIG-T Tekna 4x2 115,NISSAN,Juke,Tekna,4x2,17900.0,2018-10-01,Gasolina,9373.0,Todo Terreno,Automático,115.0,18.0,C,19
27,NISSAN Qashqai 1.5 DCI N-CONNECTA 85KW 115 5P,NISSAN,Qashqai,N-Connecta,4x2,19900.0,2019-04-01,Diesel,9500.0,Berlina mediana o grande,Manual,115.0,0.0,C,13
28,NISSAN X-Trail 1.7 DCI N-CONNECTA CVT 110KW 150 5P,NISSAN,X-Trail,N-Connecta,4x2,27900.0,2019-12-01,Diesel,10.0,"4x4, SUV o pickup",Automático,150.0,0.0,C,5
29,NISSAN Qashqai 1.3 DIG-T N-Connecta 4x2 103kW,NISSAN,Qashqai,N-Connecta,4x2,18410.0,2019-06-01,Gasolina,10000.0,Todo Terreno,Manual,140.0,24.0,C,11
30,NISSAN Leaf  109 CV ZERO,NISSAN,Leaf,,4x2,11120.0,2012-06-01,Eléctrico,52025.0,Berlina mediana o grande,Automático,109.0,12.0,0 EMISIONES,95
31,NISSAN Micra 1.2 Naru Edition,NISSAN,Micra,,4x2,6200.0,2017-02-01,Gasolina,73064.0,Berlina,Manual,80.0,24.0,C,39
32,NISSAN Qashqai  1.3 DIG-T Acenta N-STYLE,NISSAN,Qashqai,Acenta,4x2,16810.0,2019-06-01,Gasolina,13200.0,Berlina mediana o grande,Manual,140.0,24.0,C,11
33,NISSAN Micra 1.0 DIG-T ACENTA 86KW 117 5P,NISSAN,Micra,Acenta,4x2,13500.0,2019-11-01,Gasolina,10.0,Berlina mediana o grande,Manual,117.0,0.0,C,6
34,NISSAN Qashqai 1.3 DIG-T Acenta 4x2 103kW,NISSAN,Qashqai,Acenta,4x2,16370.0,2019-06-01,Gasolina,10000.0,Todo Terreno,Manual,140.0,24.0,C,11
35,NISSAN Micra 1.2 Acenta,NISSAN,Micra,Acenta,4x2,6200.0,2017-03-01,Gasolina,50250.0,Berlina,Manual,80.0,12.0,C,38
36,NISSAN Qashqai 1.5dCi N-Connecta 4x2,NISSAN,Qashqai,N-Connecta,4x2,15660.0,2018-03-01,Diesel,79201.0,Todo Terreno,Manual,110.0,36.0,C,26
37,NISSAN Qashqai 1.3 DIG-T Acenta 4x2 103kW,NISSAN,Qashqai,Acenta,4x2,16370.0,2019-06-01,Gasolina,10000.0,Todo Terreno,Manual,140.0,24.0,C,11
38,NISSAN Qashqai 1.3 DIG-T N-Connecta 4x2 103kW,NISSAN,Qashqai,N-Connecta,4x2,19110.0,2019-06-01,Gasolina,7257.0,Todo Terreno,Manual,140.0,24.0,C,11
39,NISSAN Micra 1.2 N-Tec,NISSAN,Micra,,4x2,6200.0,2016-12-01,Gasolina,35414.0,Berlina,Manual,80.0,12.0,C,41
40,NISSAN Micra 1.5dCi S&S Acenta 90,NISSAN,Micra,Acenta,4x2,12990.0,2019-11-01,Diesel,5000.0,Berlina,Manual,90.0,36.0,C,6
41,NISSAN Qashqai 1.3 DIG-T Acenta 4x2 103kW,NISSAN,Qashqai,Acenta,4x2,16370.0,2019-06-01,Gasolina,7728.0,Todo Terreno,Manual,140.0,24.0,C,11
42,NISSAN Qashqai 1.6 DIG-T N-Connecta 4x2,NISSAN,Qashqai,N-Connecta,4x2,19020.0,2019-06-01,Gasolina,15370.0,Todo Terreno,Manual,163.0,24.0,C,11
43,NISSAN Qashqai 1.2 DIG-T Tekna 4x2 XTronic,NISSAN,Qashqai,Tekna,4x2,15300.0,2017-03-01,Gasolina,68223.0,Todo Terreno,Automático,115.0,12.0,C,38
44,NISSAN X-Trail 1.6 dCi N-Connecta 4x2,NISSAN,X-Trail,N-Connecta,4x2,15920.0,2017-03-01,Diesel,59935.0,Todo Terreno,Manual,130.0,12.0,C,38
45,NISSAN Juke 1.5dCi Visia 4x2,NISSAN,Juke,Visia,4x2,8850.0,2016-01-01,Diesel,77573.0,Todo Terreno,Manual,110.0,12.0,C,52
46,NISSAN Murano 2.5dCi Tekna Premium Aut.,NISSAN,Murano,Tekna,4x2,12850.0,2012-05-01,Diesel,220000.0,Todo Terreno,Automático,190.0,12.0,B,96
47,NISSAN Qashqai 1.5dCi N-Connecta DCT 4x2 85kW,NISSAN,Qashqai,N-Connecta,4x2,22400.0,2019-04-01,Diesel,105.0,Todo Terreno,Automático,115.0,24.0,C,13
48,NISSAN Qashqai 1.5dCi N-Connecta 4x2,NISSAN,Qashqai,N-Connecta,4x2,13280.0,2016-11-01,Diesel,87688.0,Todo Terreno,Manual,110.0,12.0,C,42
49,NISSAN Juke 1.2 DIG-T N-Connecta 4x2 115,NISSAN,Juke,N-Connecta,4x2,11410.0,2017-11-01,Gasolina,44339.0,Todo Terreno,Manual,115.0,12.0,C,30
50,NISSAN Qashqai 1.2 DIG-T N-CONNECTA 115 5P,NISSAN,Qashqai,N-Connecta,4x2,15750.0,2018-06-01,Gasolina,24150.0,Berlina mediana o grande,Manual,115.0,0.0,C,23
51,NISSAN Juke 1.2 DIG-T N-Connecta 4x2 115,NISSAN,Juke,N-Connecta,4x2,11060.0,2016-11-01,Gasolina,40469.0,Todo Terreno,Manual,115.0,12.0,C,42
52,NISSAN Qashqai 1.2 DIG-T N-Connecta 4x2,NISSAN,Qashqai,N-Connecta,4x2,14420.0,2017-03-01,Gasolina,74523.0,Todo Terreno,Manual,115.0,12.0,C,38
53,NISSAN Qashqai 1.3 DIG-T Q-Line 4x2 103kW,NISSAN,Qashqai,,4x2,21290.0,2020-01-01,Gasolina,10.0,Todo Terreno,Manual,140.0,36.0,C,4
54,NISSAN X-Trail 1.6 dCi N-Connecta 4x2,NISSAN,X-Trail,N-Connecta,4x2,15220.0,2016-12-01,Diesel,54272.0,Todo Terreno,Manual,130.0,12.0,C,41
55,NISSAN Qashqai 1.3 DIG-T Acenta 4x2 103kW,NISSAN,Qashqai,Acenta,4x2,16370.0,2019-06-01,Gasolina,9655.0,Todo Terreno,Manual,140.0,24.0,C,11
56,NISSAN Qashqai 1.2 DIG-T Tekna+ 4x2,NISSAN,Qashqai,Tekna,4x2,18900.0,2018-01-01,Gasolina,34000.0,Todo Terreno,Manual,115.0,12.0,C,28
57,NISSAN Qashqai 1.5dCi Acenta 4x2,NISSAN,Qashqai,Acenta,4x2,18000.0,2016-09-01,Diesel,48000.0,Todo Terreno,Manual,110.0,12.0,C,44
58,NISSAN Qashqai 1.3 DIG-T Acenta 4x2 103kW,NISSAN,Qashqai,Acenta,4x2,18230.0,2019-06-01,Gasolina,10000.0,Todo Terreno,Manual,140.0,24.0,C,11
59,NISSAN Micra  1.0 N-Sport,NISSAN,Micra,,4x2,13710.0,2019-12-01,Gasolina,1487.0,Berlina mediana o grande,Manual,117.0,24.0,C,5
60,NISSAN Qashqai 1.2 DIG-T N-Connecta 4x2,NISSAN,Qashqai,N-Connecta,4x2,18500.0,2018-06-01,Gasolina,23691.0,Todo Terreno,Manual,115.0,12.0,C,23
61,NISSAN Qashqai 1.5dCi Tekna+ 4x2 85kW,NISSAN,Qashqai,Tekna,4x2,23750.0,2018-10-01,Diesel,5047.0,Todo Terreno,Manual,115.0,24.0,C,19
62,NISSAN Pathfinder 2.5dCi FE 7pl.,NISSAN,Pathfinder,,4x2,14800.0,2014-05-01,Diesel,120970.0,Todo Terreno,Manual,190.0,12.0,C,72
63,NISSAN Micra IG-T S&S Acenta 90,NISSAN,Micra,Acenta,4x2,10490.0,2018-05-01,Gasolina,31241.0,Berlina,Manual,90.0,11.0,C,24
64,NISSAN Qashqai 1.3 DIG-T Acenta 4x2 103kW,NISSAN,Qashqai,Acenta,4x2,16200.0,2019-06-01,Gasolina,10000.0,Todo Terreno,Manual,140.0,24.0,C,11
65,NISSAN Qashqai 1.3 DIG-T Acenta 4x2 103kW,NISSAN,Qashqai,Acenta,4x2,16370.0,2019-06-01,Gasolina,9924.0,Todo Terreno,Manual,140.0,24.0,C,11
66,NISSAN Qashqai Q+2 1.5dCi 360 4x2,NISSAN,Qashqai,,4x2,15000.0,2015-11-01,Diesel,101000.0,Todo Terreno,Manual,110.0,12.0,C,54
67,NISSAN Qashqai 1.6 DIG-T Tekna 4x2,NISSAN,Qashqai,Tekna,4x2,21240.0,2019-06-01,Gasolina,10000.0,Todo Terreno,Manual,163.0,24.0,C,11
68,NISSAN Qashqai 1.3 DIG-T N-Motion 4x2 103kW,NISSAN,Qashqai,,4x2,21900.0,2019-05-01,Gasolina,34.0,Todo Terreno,Manual,140.0,36.0,C,12
69,NISSAN Qashqai 1.3 DIG-T Acenta 4x2 103kW,NISSAN,Qashqai,Acenta,4x2,16370.0,2019-06-01,Gasolina,10000.0,Todo Terreno,Manual,140.0,24.0,C,11
70,NISSAN Juke  1.5dCi 185€/mes,NISSAN,Juke,,4x2,7950.0,2011-06-01,Diesel,115000.0,"4x4, SUV o pickup",Manual,110.0,12.0,B,107
71,NISSAN Micra IG-T N-Connecta 100,NISSAN,Micra,N-Connecta,4x2,10995.0,2018-12-01,Gasolina,36791.0,Berlina,Manual,100.0,22.0,C,17
72,NISSAN Juke 1.2 DIG-T N-Connecta 4x2 115,NISSAN,Juke,N-Connecta,4x2,11900.0,2017-06-01,Gasolina,32000.0,Todo Terreno,Manual,115.0,0.0,C,35
73,NISSAN X-Trail 1.6 DIG-T Tekna 4x2,NISSAN,X-Trail,Tekna,4x2,16720.0,2017-05-01,Gasolina,37040.0,Todo Terreno,Manual,163.0,12.0,C,36
74,NISSAN Qashqai 1.3 DIG-T Acenta 4x2 103kW,NISSAN,Qashqai,Acenta,4x2,16370.0,2019-06-01,Gasolina,13150.0,Todo Terreno,Manual,140.0,24.0,C,11
75,NISSAN Qashqai 1.3 DIG-T Acenta 4x2 103kW,NISSAN,Qashqai,Acenta,4x2,16200.0,2019-06-01,Gasolina,10000.0,Todo Terreno,Manual,140.0,24.0,C,11
76,NISSAN Qashqai 1.6dCi Tekna 4x2,NISSAN,Qashqai,Tekna,4x2,14990.0,2015-01-01,Diesel,80000.0,Todo Terreno,Manual,130.0,36.0,C,64
77,NISSAN Qashqai 1.3 DIG-T N-Connecta 4x2 103kW,NISSAN,Qashqai,N-Connecta,4x2,18500.0,2019-06-01,Gasolina,27000.0,Todo Terreno,Manual,140.0,0.0,C,11
78,NISSAN Juke 1.2 DIG-T N-Connecta 4x2 115,NISSAN,Juke,N-Connecta,4x2,11995.0,2016-12-01,Gasolina,28901.0,Todo Terreno,Manual,115.0,12.0,C,41
79,NISSAN Qashqai DIG-T 103 kW (140 CV) E6D TEKNA,NISSAN,Qashqai,Tekna,4x2,25300.0,2019-09-01,Gasolina,0.0,"4x4, SUV o pickup",Manual,140.0,12.0,C,8
80,NISSAN Qashqai 1.5 dCi ACENTA,NISSAN,Qashqai,Acenta,4x2,13990.0,2017-03-01,Diesel,54167.0,"4x4, SUV o pickup",Manual,110.0,12.0,C,38
81,NISSAN Qashqai dCi 96 kW (130 CV) N-CONNECTA,NISSAN,Qashqai,N-Connecta,4x2,18790.0,2018-02-01,Diesel,28020.0,"4x4, SUV o pickup",Manual,130.0,12.0,C,27
82,NISSAN Qashqai 1.5 DCI N-CONNECTA 110 5P,NISSAN,Qashqai,N-Connecta,4x2,13750.0,2016-05-01,Diesel,90000.0,Berlina mediana o grande,Manual,110.0,12.0,C,48
83,NISSAN Juke DIG-T EU6 85 kW (115 CV) 6M/T ACENTA,NISSAN,Juke,Acenta,4x2,11500.0,2017-08-01,Gasolina,18901.0,"4x4, SUV o pickup",Manual,115.0,36.0,C,33
84,NISSAN Almera 2.2 Di Comfort,NISSAN,,,4x2,1550.0,2002-11-01,Diesel,279000.0,Berlina,Manual,110.0,12.0,,210
85,NISSAN Qashqai 1.3 DIG-T N-Connecta 4x2 103kW,NISSAN,Qashqai,N-Connecta,4x2,17995.0,2019-02-01,Gasolina,47007.0,Todo Terreno,Manual,140.0,12.0,C,15
86,NISSAN Qashqai 1.6dCi Tekna+ 4x2,NISSAN,Qashqai,Tekna,4x2,21990.0,2018-05-01,Diesel,19500.0,Todo Terreno,Manual,130.0,16.0,C,24
87,NISSAN Qashqai 1.2 DIG-T N-Connecta 4x2,NISSAN,Qashqai,N-Connecta,4x2,17500.0,2018-01-01,Gasolina,24122.0,Todo Terreno,Manual,115.0,12.0,C,28
88,NISSAN Qashqai Q+2 2.0dCi Acenta 4x2,NISSAN,Qashqai,Acenta,4x2,12500.0,2010-05-01,Diesel,128000.0,Todo Terreno,Manual,150.0,0.0,B,120
89,NISSAN Qashqai 1.3 DIG-T N-CONNECTA 103KW 140 5P,NISSAN,Qashqai,N-Connecta,4x2,19900.0,2019-02-01,Gasolina,29500.0,Berlina mediana o grande,Manual,140.0,0.0,C,15
90,NISSAN Qashqai 1.5dCi Acenta 4x2,NISSAN,Qashqai,Acenta,4x2,11500.0,2015-07-01,Diesel,91000.0,Todo Terreno,Manual,110.0,12.0,C,58
91,NISSAN Qashqai  DCI 115 CV N-CONECTA,NISSAN,Qashqai,,4x2,19400.0,2018-11-01,Diesel,23500.0,,Manual,115.0,24.0,C,18
92,NISSAN Qashqai 1.2 DIG-T Tekna 4x2,NISSAN,Qashqai,Tekna,4x2,20300.0,2017-08-01,Gasolina,11700.0,Todo Terreno,Manual,115.0,12.0,C,33
93,NISSAN Qashqai 1.6dCi Visia 4x4-i,NISSAN,Qashqai,Visia,4x4,13999.0,2017-01-01,Diesel,81637.0,Todo Terreno,Manual,130.0,12.0,C,40
94,NISSAN Pulsar 1.5 dCi Tekna,NISSAN,Pulsar,Tekna,4x2,12000.0,2017-03-01,Diesel,68150.0,Berlina,Manual,110.0,15.0,C,38
95,NISSAN Juke 1.5dCi Acenta 4x2,NISSAN,Juke,Acenta,4x2,11800.0,2017-02-01,Diesel,79000.0,Todo Terreno,Manual,110.0,12.0,C,39
96,NISSAN X-Trail 1.7 dCi N-Connecta 4x2,NISSAN,X-Trail,N-Connecta,4x2,25900.0,2019-12-01,Diesel,10.0,Todo Terreno,Manual,150.0,34.0,C,5
97,NISSAN X-Trail 1.6 dCi Acenta 4x4-i,NISSAN,X-Trail,Acenta,4x4,15990.0,2016-11-01,Diesel,64100.0,Todo Terreno,Manual,130.0,12.0,C,42
98,NISSAN Juke 1.6i Acenta,NISSAN,Juke,Acenta,4x2,7950.0,2013-12-01,Gasolina,105000.0,Todo Terreno,Manual,117.0,24.0,C,77
99,NISSAN X-Trail 1.7 DCI TEKNA 110KW 150 5P,NISSAN,X-Trail,Tekna,4x2,28900.0,2019-11-01,Diesel,10.0,"4x4, SUV o pickup",Manual,150.0,0.0,C,6
100,NISSAN Micra 1.2 Acenta,NISSAN,Micra,Acenta,4x2,5900.0,2014-01-01,Gasolina,108000.0,Berlina,Manual,80.0,12.0,C,76
101,NISSAN Micra 1.2 Naru Edition,NISSAN,Micra,,4x2,6250.0,2017-02-01,Gasolina,43000.0,Berlina,Manual,80.0,12.0,C,39
102,NISSAN Juke 1.0 DIG-T Tekna 4x2 117,NISSAN,Juke,Tekna,4x2,21400.0,2020-01-01,Gasolina,47.0,Todo Terreno,Manual,117.0,34.0,C,4
103,NISSAN Leaf 40 kWh Tekna,NISSAN,Leaf,Tekna,4x2,26990.0,2019-08-01,Eléctrico,1000.0,Berlina mediana o grande,Manual,150.0,36.0,0 EMISIONES,9
104,NISSAN Qashqai 1.2 DIG-T TEKNA+ 115 5P,NISSAN,Qashqai,Tekna,4x2,18900.0,2018-02-01,Gasolina,55138.0,Berlina mediana o grande,Manual,115.0,12.0,C,27
105,NISSAN Juke 1.5dCi Tekna 4x2,NISSAN,Juke,Tekna,4x2,15200.0,2017-06-01,Diesel,30740.0,Todo Terreno,Manual,110.0,12.0,C,35
106,NISSAN X-Trail 1.6 dCi 360 4x2,NISSAN,X-Trail,,4x2,12850.0,2015-03-01,Diesel,104000.0,Todo Terreno,Manual,130.0,12.0,C,62
107,NISSAN Juke DIG-T EU6 85 kW (115 CV) 6M/T ACENTA,NISSAN,Juke,Acenta,4x2,10490.0,2017-12-01,Gasolina,25487.0,"4x4, SUV o pickup",Manual,115.0,12.0,C,29
108,NISSAN Qashqai 1.6dCi S&S Tekna Premium 4x2 18´´,NISSAN,Qashqai,Tekna,4x2,10990.0,2014-01-01,Diesel,76100.0,Todo Terreno,Manual,130.0,12.0,C,76
109,NISSAN Qashqai Q+2 1.6 S&S Tekna Sport Chrome 4x2,NISSAN,Qashqai,Tekna,4x2,10900.0,2012-05-01,Gasolina,93000.0,Todo Terreno,Manual,117.0,12.0,C,96
110,NISSAN Juke 1.2 DIG-T Acenta 4x2 115,NISSAN,Juke,Acenta,4x2,10995.0,2017-12-01,Gasolina,25051.0,Todo Terreno,Manual,115.0,12.0,C,29
111,NISSAN Qashqai 1.5dCi N-Connecta 4x2 85kW,NISSAN,Qashqai,N-Connecta,4x2,20900.0,2019-03-01,Diesel,9900.0,Todo Terreno,Manual,115.0,28.0,C,14
112,NISSAN Qashqai 1.3 DIG-T N-Connecta 4x2 103kW,NISSAN,Qashqai,N-Connecta,4x2,19500.0,2018-11-01,Gasolina,19500.0,Todo Terreno,Manual,140.0,12.0,C,18
113,NISSAN Qashqai 1.3 DIG-T Acenta 4x2 103kW,NISSAN,Qashqai,Acenta,4x2,18900.0,2019-12-01,Gasolina,8.0,Todo Terreno,Manual,140.0,36.0,C,5
114,NISSAN Juke 1.2 DIG-T N-Connecta 4x2 115,NISSAN,Juke,N-Connecta,4x2,12490.0,2016-08-01,Gasolina,55816.0,Todo Terreno,Manual,115.0,12.0,C,45
115,NISSAN X-Trail 1.6 dCi Tekna 4x2 XTronic,NISSAN,X-Trail,Tekna,4x2,18900.0,2016-01-01,Diesel,102800.0,Todo Terreno,Automático,130.0,24.0,C,52
116,NISSAN Leaf 109 acenta,NISSAN,Leaf,Acenta,4x2,10028.0,2015-03-01,Eléctrico,46834.0,Berlina mediana o grande,Automático,109.0,12.0,0 EMISIONES,62
117,NISSAN Leaf 40 kWh Tekna,NISSAN,Leaf,Tekna,4x2,28900.0,2019-09-01,Eléctrico,5587.0,Berlina,Automático,150.0,36.0,0 EMISIONES,8
118,NISSAN Juke 1.6 N-Connecta 4x2 XTronic 117,NISSAN,Juke,N-Connecta,4x2,12900.0,2018-02-01,Gasolina,35793.0,Todo Terreno,Automático,117.0,12.0,C,27
119,NISSAN Juke 1.6 N-Connecta 4x2 XTronic 117,NISSAN,Juke,N-Connecta,4x2,13900.0,2017-03-01,Gasolina,56924.0,Todo Terreno,Automático,117.0,12.0,C,38
120,NISSAN Terrano S 2.7 TDI,NISSAN,,,4x2,3800.0,1997-11-01,Diesel,370963.0,Todo Terreno,Manual,125.0,0.0,,270
121,NISSAN Qashqai 1.5dCi Acenta 4x2,NISSAN,Qashqai,Acenta,4x2,14400.0,2017-11-01,Diesel,30531.0,Todo Terreno,Manual,110.0,12.0,C,30
122,NISSAN X-Trail 1.6 DCI N-CONNECTA 7 SEAT 130 5P 7 PLAZAS,NISSAN,X-Trail,N-Connecta,4x2,17900.0,2016-12-01,Diesel,17900.0,"4x4, SUV o pickup",Manual,130.0,0.0,C,41
123,NISSAN Leaf 109 acenta,NISSAN,Leaf,Acenta,4x2,10028.0,2015-03-01,Eléctrico,37369.0,Berlina mediana o grande,Automático,109.0,12.0,0 EMISIONES,62
124,NISSAN Qashqai 1.3 DIG-T N-Connecta 4x2 103kW,NISSAN,Qashqai,N-Connecta,4x2,19500.0,2019-03-01,Gasolina,5765.0,Todo Terreno,Manual,140.0,12.0,C,14
125,NISSAN Qashqai 1.3 DIG-T Acenta 4x2 103kW,NISSAN,Qashqai,Acenta,4x2,17000.0,2019-02-01,Gasolina,7653.0,Todo Terreno,Manual,140.0,12.0,C,15
126,NISSAN Qashqai 1.2 DIG-T Acenta 4x2,NISSAN,Qashqai,Acenta,4x2,12800.0,2014-09-01,Gasolina,67238.0,Todo Terreno,Manual,115.0,12.0,C,68
127,NISSAN Qashqai 1.6 DCI N-CONNECTA 130 5P,NISSAN,Qashqai,N-Connecta,4x2,19500.0,2018-07-01,Diesel,19500.0,Berlina mediana o grande,Manual,130.0,0.0,C,22
128,NISSAN Note 1.5dCi Acenta,NISSAN,Note,Acenta,4x2,9400.0,2015-10-01,Diesel,32000.0,Monovolumen,Manual,90.0,12.0,C,55
129,NISSAN Note 1.5dCi Acenta,NISSAN,Note,Acenta,4x2,9400.0,2015-10-01,Diesel,32000.0,Monovolumen,Manual,90.0,12.0,C,55
130,NISSAN X-Trail 1.6 DIG-T Tekna 4x2 7 pl.,NISSAN,X-Trail,Tekna,4x2,23900.0,2018-06-01,Gasolina,14030.0,Todo Terreno,Manual,163.0,12.0,C,23
131,NISSAN Juke 1.5dCi Acenta 4x2,NISSAN,Juke,Acenta,4x2,11990.0,2015-01-01,Diesel,63972.0,Todo Terreno,Manual,110.0,12.0,C,64
132,NISSAN NV200 M1 Diesel de 4 Puertas,NISSAN,,,4x2,18300.0,2019-08-01,Diesel,12.0,Monovolumen,Manual,110.0,24.0,C,9
133,NISSAN Leaf 40 kWh Tekna,NISSAN,Leaf,Tekna,4x2,27500.0,2019-01-01,Eléctrico,8687.0,Berlina,Automático,150.0,36.0,0 EMISIONES,16
134,NISSAN Pulsar 1.2 DIG-T Acenta,NISSAN,Pulsar,Acenta,4x2,11900.0,2018-03-01,Gasolina,28457.0,Berlina,Manual,115.0,12.0,C,26
135,NISSAN Murano 3.5 V6 Aut.,NISSAN,Murano,,4x2,7900.0,2007-07-01,Gasolina,128000.0,Todo Terreno,Automático,234.0,12.0,C,154
136,NISSAN Leaf 40 kWh Tekna,NISSAN,Leaf,Tekna,4x2,27900.0,2018-12-01,Eléctrico,9000.0,Berlina,Automático,150.0,36.0,0 EMISIONES,17
137,NISSAN X-Trail 1.3 DIG-T Tekna 4x2 DCT,NISSAN,X-Trail,Tekna,4x2,27900.0,2019-11-01,Gasolina,10.0,Todo Terreno,Automático,160.0,31.0,C,6
138,NISSAN Qashqai 1.6 DCI TEKNA+ 130 5P,NISSAN,Qashqai,Tekna,4x2,22900.0,2018-09-01,Diesel,25500.0,Berlina mediana o grande,Manual,130.0,0.0,C,20
139,NISSAN Qashqai 1.3 DIG-T N-Connecta 4x2 117kW,NISSAN,Qashqai,N-Connecta,4x2,21100.0,2019-09-01,Gasolina,1.0,Todo Terreno,Manual,160.0,36.0,C,8
140,NISSAN Qashqai 1.3 DIG-T N-CONNECTA 103KW 140 5P,NISSAN,Qashqai,N-Connecta,4x2,20900.0,2019-07-01,Gasolina,14900.0,Berlina mediana o grande,Manual,140.0,0.0,C,10
141,NISSAN Qashqai 1.3 DIG-T N-Connecta 4x2 117kW,NISSAN,Qashqai,N-Connecta,4x2,18980.0,2019-07-01,Gasolina,28000.0,Todo Terreno,Manual,160.0,12.0,C,10
142,NISSAN Micra IG-T Acenta 100,NISSAN,Micra,Acenta,4x2,13200.0,2018-12-01,Gasolina,18355.0,Berlina,Manual,100.0,12.0,C,17
143,NISSAN Qashqai 1.6dCi Tekna+ 4x2,NISSAN,Qashqai,Tekna,4x2,22900.0,2017-10-01,Diesel,36201.0,Todo Terreno,Manual,130.0,12.0,C,31
144,NISSAN Qashqai 1.6 DCI TEKNA+ AUTO 130 5P,NISSAN,Qashqai,Tekna,4x2,23900.0,2018-09-01,Diesel,10500.0,Berlina mediana o grande,Automático,130.0,0.0,C,20
145,NISSAN Micra 1.2 N-Tec,NISSAN,Micra,,4x2,6900.0,2016-09-01,Gasolina,97000.0,Berlina,Manual,80.0,12.0,C,44
146,NISSAN Micra 1.2 Acenta,NISSAN,Micra,Acenta,4x2,6500.0,2017-06-01,Gasolina,45000.0,Berlina,Manual,80.0,12.0,C,35
147,NISSAN Qashqai 1.3 DIG-T TEKNA 103KW 140 5P,NISSAN,Qashqai,Tekna,4x2,22900.0,2019-02-01,Gasolina,20500.0,Berlina mediana o grande,Manual,140.0,0.0,C,15
148,NISSAN Micra IG-T Acenta 100,NISSAN,Micra,Acenta,4x2,11800.0,2020-01-01,Gasolina,5.0,Berlina,Manual,100.0,36.0,C,4
149,NISSAN Qashqai 1.3 DIG-T ACENTA 103KW 140 5P,NISSAN,Qashqai,Acenta,4x2,20500.0,2019-11-01,Gasolina,10.0,Berlina mediana o grande,Manual,140.0,0.0,C,6
150,NISSAN Qashqai 1.5dCi Acenta 4x2,NISSAN,Qashqai,Acenta,4x2,14000.0,2015-01-01,Diesel,74800.0,Todo Terreno,Manual,110.0,12.0,C,64
151,NISSAN Qashqai ACENTA 1.5 DCI 110 CV 5P,NISSAN,Qashqai,Acenta,4x2,12500.0,2016-10-01,Diesel,78001.0,"4x4, SUV o pickup",Manual,110.0,12.0,C,43
152,NISSAN Qashqai 1.5dCi 360 4x2,NISSAN,Qashqai,,4x2,9490.0,2013-01-01,Diesel,94000.0,Todo Terreno,Manual,110.0,12.0,B,88
153,NISSAN X-Trail 1.6 DIG-T Tekna 4x2,NISSAN,X-Trail,Tekna,4x2,24300.0,2018-06-01,Gasolina,11237.0,Todo Terreno,Manual,163.0,12.0,C,23
154,NISSAN Qashqai 1.6 DCI TEKNA+ 130 5P,NISSAN,Qashqai,Tekna,4x2,22900.0,2018-09-01,Diesel,12500.0,Berlina mediana o grande,Manual,130.0,18.0,C,20
155,NISSAN X-Trail 2.0dCi XE,NISSAN,X-Trail,,4x2,9900.0,2012-02-01,Diesel,171000.0,Todo Terreno,Manual,150.0,12.0,B,99
156,NISSAN Qashqai 1.3 DIG-T Q-Line 4x2 103kW,NISSAN,Qashqai,,4x2,21900.0,2019-10-01,Gasolina,8.0,Todo Terreno,Manual,140.0,36.0,C,7
157,NISSAN Juke 1.2 DIG-T N-Connecta 4x2 115,NISSAN,Juke,N-Connecta,4x2,14200.0,2018-04-01,Gasolina,22208.0,Todo Terreno,Manual,115.0,12.0,C,25
158,NISSAN X-Trail 1.6 dCi 360 4x4-i,NISSAN,X-Trail,,4x4,13400.0,2015-01-01,Diesel,94000.0,Todo Terreno,Manual,130.0,0.0,C,64
159,NISSAN Qashqai 2.0 Tekna 4x4,NISSAN,Qashqai,Tekna,4x4,6750.0,2008-01-01,Gasolina,217000.0,Todo Terreno,Manual,140.0,0.0,C,148
160,NISSAN Qashqai 1.6dCi N-Connecta 4x2,NISSAN,Qashqai,N-Connecta,4x2,22600.0,2018-07-01,Diesel,18051.0,Todo Terreno,Manual,130.0,36.0,C,22
161,NISSAN Patrol GR Elegance,NISSAN,,,4x2,9900.0,2000-06-01,Diesel,129000.0,Todo Terreno,Manual,158.0,12.0,,239
162,NISSAN X-Trail 1.6 dCi Acenta 4x2,NISSAN,X-Trail,Acenta,4x2,18490.0,2015-04-01,Diesel,48000.0,Todo Terreno,Manual,130.0,12.0,C,61
163,NISSAN Qashqai 1.3 DIG-T N-STYLE 5P,NISSAN,Qashqai,,4x2,18900.0,2019-02-01,Gasolina,10.0,Berlina mediana o grande,Manual,140.0,12.0,C,15
164,NISSAN Qashqai 1.2 DIG-T Acenta 4x2,NISSAN,Qashqai,Acenta,4x2,10475.0,2014-11-01,Gasolina,99000.0,Todo Terreno,Manual,115.0,12.0,C,66
165,NISSAN Qashqai 1.6dCi Visia 4x2,NISSAN,Qashqai,Visia,4x2,13990.0,2015-06-01,Diesel,113956.0,Todo Terreno,Manual,130.0,12.0,C,59
166,NISSAN X-Trail 1.6 dCi Acenta 4x4-i,NISSAN,X-Trail,Acenta,4x4,18900.0,2016-04-01,Diesel,67000.0,Todo Terreno,Manual,130.0,12.0,C,49
167,NISSAN X-Trail 2.0 DCI TEKNA 7 SEAT 4WD XTRONIC CVT 5P 7 PLAZAS-,NISSAN,X-Trail,Tekna,4x2,30500.0,2018-07-01,Diesel,18329.0,"4x4, SUV o pickup",Automático,177.0,12.0,C,22
168,NISSAN Juke 1.6i Tekna Sport,NISSAN,Juke,Tekna,4x2,9490.0,2014-05-01,Gasolina,44200.0,Todo Terreno,Manual,117.0,12.0,C,72
169,NISSAN Qashqai 1.5dCi N-Connecta 4x2 85kW,NISSAN,Qashqai,N-Connecta,4x2,21900.0,2018-11-01,Diesel,12700.0,Todo Terreno,Manual,115.0,24.0,C,18
170,NISSAN Juke 1.6 N-Connecta 4x2 XTronic 117,NISSAN,Juke,N-Connecta,4x2,10100.0,2018-01-01,Gasolina,97000.0,Todo Terreno,Automático,117.0,24.0,C,28
171,NISSAN Qashqai Todoterreno 130cv Manual de 5 Puertas,NISSAN,Qashqai,,4x2,14900.0,2013-03-01,Diesel,113097.0,"4x4, SUV o pickup",Manual,130.0,12.0,B,86
172,NISSAN Qashqai 1.5dCi N-Vision 4x2,NISSAN,Qashqai,,4x2,14900.0,2016-03-01,Diesel,82000.0,Todo Terreno,Manual,110.0,12.0,C,50
173,NISSAN Juke 1.2 DIG-T Acenta 4x2 115,NISSAN,Juke,Acenta,4x2,10950.0,2018-04-01,Gasolina,32095.0,Todo Terreno,Manual,115.0,13.0,C,25
174,NISSAN Juke 1.5dCi N-Connecta 4x2,NISSAN,Juke,N-Connecta,4x2,11500.0,2015-09-01,Diesel,21768.0,Todo Terreno,Manual,110.0,12.0,C,56
175,NISSAN Qashqai 1.2 DIG-T N-Connecta 4x2,NISSAN,Qashqai,N-Connecta,4x2,16690.0,2017-12-01,Gasolina,14653.0,Todo Terreno,Manual,115.0,12.0,C,29
176,NISSAN Juke 1.6 DIG-T Tekna Sport,NISSAN,Juke,Tekna,4x2,9700.0,2011-07-01,Gasolina,185000.0,Todo Terreno,Manual,190.0,12.0,C,106
177,NISSAN Qashqai 1.3 DIG-T N-Connecta 4x2 103kW,NISSAN,Qashqai,N-Connecta,4x2,23000.0,2019-11-01,Gasolina,2939.0,Todo Terreno,Manual,140.0,36.0,C,6
178,NISSAN Qashqai 1.6dCi Acenta 4x4-i,NISSAN,Qashqai,Acenta,4x4,15990.0,2015-09-01,Diesel,67800.0,Todo Terreno,Manual,130.0,12.0,C,56
179,NISSAN Qashqai 1.6dCi N-Connecta 4x2,NISSAN,Qashqai,N-Connecta,4x2,20250.0,2018-01-01,Diesel,13987.0,Todo Terreno,Manual,130.0,36.0,C,28
180,NISSAN Qashqai  dCi 85 kW (115 CV) E6D TEKNA,NISSAN,Qashqai,Tekna,4x2,21490.0,2019-03-01,Diesel,20100.0,Berlina mediana o grande,Manual,115.0,22.0,C,14
181,NISSAN Juke 1.2 DIG-T N-Connecta 4x2 115,NISSAN,Juke,N-Connecta,4x2,12500.0,2018-03-01,Gasolina,26178.0,Todo Terreno,Manual,115.0,12.0,C,26
182,NISSAN Qashqai 1.6dCi Tekna 4x4-i,NISSAN,Qashqai,Tekna,4x4,12500.0,2016-09-01,Diesel,119000.0,Todo Terreno,Manual,130.0,12.0,C,44
183,NISSAN Juke 1.6i Tekna Sport,NISSAN,Juke,Tekna,4x2,7600.0,2011-07-01,Gasolina,139000.0,Todo Terreno,Manual,117.0,12.0,C,106
184,NISSAN Qashqai Q+2 1.6 Acenta 4x2,NISSAN,Qashqai,Acenta,4x2,8500.0,2008-01-01,Gasolina,148370.0,Todo Terreno,Manual,115.0,12.0,C,148
185,NISSAN Qashqai 1.3 DIG-T 103KW N-MOTION 5P-,NISSAN,Qashqai,,4x2,21900.0,2019-05-01,Gasolina,10.0,Berlina mediana o grande,Manual,140.0,12.0,C,12
186,NISSAN Qashqai 1.6dCi Tekna 4x2 XTronic,NISSAN,Qashqai,Tekna,4x2,26490.0,2019-06-01,Diesel,6900.0,Todo Terreno,Automático,130.0,25.0,C,11
187,NISSAN Leaf Tekna 30KWh,NISSAN,Leaf,Tekna,4x2,18900.0,2017-01-01,Eléctrico,29570.0,Berlina,Automático,109.0,24.0,0 EMISIONES,40
188,NISSAN X-Trail 1.6 dCi N-Connecta 4x2 XTronic,NISSAN,X-Trail,N-Connecta,4x2,16995.0,2017-12-01,Diesel,54500.0,Todo Terreno,Automático,130.0,12.0,C,29
189,NISSAN Pathfinder 2.5dCi LE,NISSAN,Pathfinder,,4x2,8900.0,2006-03-01,Diesel,191300.0,Todo Terreno,Manual,174.0,0.0,B,170
190,NISSAN Pathfinder 2.5dCi FE 7(FLOTAS),NISSAN,Pathfinder,,4x2,11000.0,2006-07-01,Diesel,219000.0,Todo Terreno,Manual,174.0,6.0,B,166
191,NISSAN Murano 3.5 V6 Aut.,NISSAN,Murano,,4x2,7800.0,2007-01-01,Gasolina,140000.0,Todo Terreno,Automático,234.0,0.0,C,160
192,NISSAN X-Trail 1.6 dCi Tekna 4x2,NISSAN,X-Trail,Tekna,4x2,23900.0,2018-07-01,Diesel,12000.0,Todo Terreno,Manual,130.0,36.0,C,22
193,NISSAN Micra 1.2 DIG-S N-Tec,NISSAN,Micra,,4x2,6800.0,2017-01-01,Gasolina,59000.0,Berlina,Manual,98.0,12.0,C,40
194,NISSAN Qashqai 1.3 DIG-T N-CONNECTA 140 5P,NISSAN,Qashqai,N-Connecta,4x2,20500.0,2019-06-01,Gasolina,4499.0,Berlina mediana o grande,Manual,140.0,36.0,C,11
195,NISSAN Qashqai 1.6dCi Visia 4x2 XTronic,NISSAN,Qashqai,Visia,4x2,16500.0,2017-01-01,Diesel,88813.0,Todo Terreno,Automático,130.0,12.0,C,40
196,NISSAN X-Trail 1.7 dCi Tekna 4x4-i,NISSAN,X-Trail,Tekna,4x4,27750.0,2019-04-01,Diesel,19017.0,Todo Terreno,Manual,150.0,22.0,C,13
197,NISSAN Qashqai 1.5dCi Acenta 4x2 85kW,NISSAN,Qashqai,Acenta,4x2,16595.0,2018-03-01,Diesel,18280.0,Todo Terreno,Manual,115.0,12.0,C,26
198,NISSAN Qashqai 1.3 DIG-T N-Connecta 4x2 103kW,NISSAN,Qashqai,N-Connecta,4x2,18995.0,2019-06-01,Gasolina,24904.0,Todo Terreno,Manual,140.0,12.0,C,11
199,NISSAN Micra IG-T N-Connecta 100,NISSAN,Micra,N-Connecta,4x2,11700.0,2018-12-01,Gasolina,16100.0,Berlina,Manual,100.0,12.0,C,17
200,NISSAN Leaf Acenta 30KWh,NISSAN,Leaf,Acenta,4x2,16900.0,2017-07-01,Eléctrico,15000.0,-,Automático,0.0,12.0,0 EMISIONES,34
201,NISSAN Terrano II 2.7 TDI 125 CV,NISSAN,,,4x2,6900.0,1999-09-01,Diesel,237930.0,Berlina mediana o grande,,0.0,12.0,,248
202,NISSAN Qashqai 1.6dCi S&S Visia 4x4,NISSAN,Qashqai,Visia,4x4,12500.0,2015-04-01,Diesel,130000.0,Todo Terreno,Manual,130.0,12.0,C,61
203,NISSAN Qashqai 1.6dCi Acenta 4x4-i,NISSAN,Qashqai,Acenta,4x4,14000.0,2016-09-01,Diesel,99000.0,Todo Terreno,Manual,130.0,12.0,C,44
204,NISSAN Micra 1.2 Acenta,NISSAN,Micra,Acenta,4x2,7700.0,2017-04-01,Gasolina,32946.0,Berlina,Manual,80.0,12.0,C,37
205,NISSAN Qashqai  dCi 85 kW (115 CV) E6D TEKNA,NISSAN,Qashqai,Tekna,4x2,21490.0,2019-03-01,Diesel,24779.0,Berlina mediana o grande,Manual,115.0,22.0,C,14
206,NISSAN X-Trail 1.6 dCi Tekna 4x2 XTronic,NISSAN,X-Trail,Tekna,4x2,18950.0,2015-10-01,Diesel,59000.0,Todo Terreno,Automático,130.0,0.0,C,55
207,NISSAN Qashqai 1.5dCi N-Connecta 4x2,NISSAN,Qashqai,N-Connecta,4x2,12700.0,2015-11-01,Diesel,68300.0,Todo Terreno,Manual,110.0,12.0,C,54
208,NISSAN Juke Gasolina de 5 Puertas,NISSAN,Juke,,4x2,15200.0,2019-02-01,Gasolina,8164.0,"4x4, SUV o pickup",Manual,130.0,24.0,C,15
209,NISSAN Qashqai 1.2 DIG-T N-Connecta 4x2,NISSAN,Qashqai,N-Connecta,4x2,17400.0,2018-05-01,Gasolina,23186.0,Todo Terreno,Manual,115.0,12.0,C,24
210,NISSAN X-Trail 1.6 dCi 360 4x2,NISSAN,X-Trail,,4x2,12975.0,2015-07-01,Diesel,143000.0,Todo Terreno,Manual,130.0,12.0,C,58
211,NISSAN Qashqai 1.6dCi Black Edition 4x2,NISSAN,Qashqai,,4x2,12900.0,2016-09-01,Diesel,108000.0,Todo Terreno,Manual,130.0,12.0,C,44
212,NISSAN Qashqai 1.6dCi Tekna 4x2,NISSAN,Qashqai,Tekna,4x2,14990.0,2016-06-01,Diesel,72000.0,Todo Terreno,Manual,130.0,12.0,C,47
213,NISSAN Qashqai 1.2 DIG-T N-Connecta 4x2,NISSAN,Qashqai,N-Connecta,4x2,17400.0,2018-06-01,Gasolina,26031.0,Todo Terreno,Manual,115.0,12.0,C,23
214,NISSAN Leaf 40 kWh Tekna,NISSAN,Leaf,Tekna,4x2,28490.0,2019-04-01,Eléctrico,4861.0,Berlina,Automático,150.0,23.0,0 EMISIONES,13
215,NISSAN Qashqai 1.6dCi N-Connecta 4x2,NISSAN,Qashqai,N-Connecta,4x2,18400.0,2017-08-01,Diesel,14404.0,Todo Terreno,Manual,130.0,12.0,C,33
216,NISSAN Qashqai 1.5dCi Acenta 4x2,NISSAN,Qashqai,Acenta,4x2,13900.0,2017-02-01,Diesel,36626.0,Todo Terreno,Manual,110.0,12.0,C,39
217,NISSAN Juke 1.6 N-Connecta 4x2 112,NISSAN,Juke,N-Connecta,4x2,14300.0,2019-04-01,Gasolina,5917.0,Todo Terreno,Manual,112.0,12.0,C,13
218,NISSAN Qashqai  dCi 85 kW (115 CV) E6D N-CONNECTA + LED,NISSAN,Qashqai,N-Connecta,4x2,20990.0,2019-05-01,Diesel,10000.0,Berlina mediana o grande,Manual,115.0,24.0,C,12
219,NISSAN Qashqai 1.3DIG-T 140CV 2WD MT EURO6D ACENTA BARRAS+LLANTAS 18,NISSAN,Qashqai,Acenta,4x2,19900.0,2019-09-01,Gasolina,1.0,Berlina mediana o grande,Manual,140.0,12.0,C,8
220,NISSAN Juke 1.6i Tekna Premium Piel 18´´,NISSAN,Juke,Tekna,4x2,10800.0,2014-01-01,Gasolina,40500.0,Todo Terreno,Manual,117.0,12.0,C,76
221,NISSAN Qashqai 1.2 DIG-T N-Connecta 4x2,NISSAN,Qashqai,N-Connecta,4x2,18500.0,2018-06-01,Gasolina,16000.0,Todo Terreno,Manual,115.0,12.0,C,23
222,NISSAN Leaf 40 kWh Acenta,NISSAN,Leaf,Acenta,4x2,21990.0,2018-12-01,Eléctrico,12677.0,Berlina,Automático,150.0,19.0,0 EMISIONES,17
223,NISSAN X-Trail 2.0 dCi Tekna 4x2 XTronic,NISSAN,X-Trail,Tekna,4x2,26000.0,2018-07-01,Diesel,16291.0,Todo Terreno,Automático,177.0,12.0,C,22
224,NISSAN Terrano 2.7 TD Sport,NISSAN,,,4x2,3995.0,1999-06-01,Diesel,174000.0,Todo Terreno,Manual,100.0,0.0,,251
225,NISSAN X-Trail 1.3 DIG-T N-Connecta 4x2 DCT,NISSAN,X-Trail,N-Connecta,4x2,25500.0,2020-01-01,Gasolina,10.0,Todo Terreno,Automático,160.0,12.0,C,4
226,NISSAN X-Trail 1.6 dCi Tekna 4x2 XTronic,NISSAN,X-Trail,Tekna,4x2,22400.0,2015-01-01,Diesel,95000.0,Todo Terreno,Automático,130.0,12.0,C,64
227,NISSAN Juke 1.6 N-Connecta 4x2 112,NISSAN,Juke,N-Connecta,4x2,14900.0,2019-04-01,Gasolina,7105.0,Todo Terreno,Manual,112.0,24.0,C,13
228,NISSAN Terrano 2.7TDI Comfort Plus,NISSAN,,,4x2,9900.0,2005-02-01,Diesel,89000.0,Todo Terreno,Manual,125.0,12.0,,183
229,NISSAN Qashqai Q+2 1.6dCi Tekna Premium 4x4 17´´,NISSAN,Qashqai,Tekna,4x4,10000.0,2012-01-01,Diesel,155000.0,Todo Terreno,Manual,130.0,0.0,B,100
230,NISSAN X-Trail 2.0 dCi Tekna 4x2 XTronic,NISSAN,X-Trail,Tekna,4x2,20900.0,2016-10-01,Diesel,53650.0,Todo Terreno,Automático,177.0,12.0,C,43
231,NISSAN Qashqai 2.0dCi Tekna Sport 4x2 18´´,NISSAN,Qashqai,Tekna,4x2,7990.0,2010-01-01,Diesel,211000.0,Todo Terreno,Manual,150.0,0.0,B,124
232,NISSAN Terrano 2.7TDI Comfort Plus,NISSAN,,,4x2,5990.0,2004-06-01,Diesel,309723.0,Todo Terreno,Manual,125.0,0.0,,191
233,NISSAN Note 1.5dCi Acenta,NISSAN,Note,Acenta,4x2,8990.0,2016-01-01,Diesel,59557.0,Monovolumen,Manual,90.0,12.0,C,52
234,NISSAN Qashqai 1.6dCi S&S 360 4x2,NISSAN,Qashqai,,4x2,14300.0,2015-10-01,Diesel,92156.0,Todo Terreno,Manual,130.0,12.0,C,55
235,NISSAN Qashqai 1.7 DCI TEKNA+ 110KW 150 5P,NISSAN,Qashqai,Tekna,4x2,27900.0,2019-11-01,Diesel,10.0,Berlina mediana o grande,Manual,150.0,0.0,C,6
236,NISSAN Qashqai 1.5 DCI N-MOTION 115 5P,NISSAN,Qashqai,,4x2,21900.0,2019-10-01,Diesel,8500.0,Berlina mediana o grande,Manual,115.0,0.0,C,7
237,NISSAN Juke 1.6 N-Connecta 4x2 112,NISSAN,Juke,N-Connecta,4x2,14750.0,2019-03-01,Gasolina,10367.0,Todo Terreno,Manual,112.0,24.0,C,14
238,NISSAN Qashqai 1.3 DIG-T TEKNA+ 103KW 140 5P,NISSAN,Qashqai,Tekna,4x2,23900.0,2019-02-01,Gasolina,8000.0,Berlina mediana o grande,Manual,140.0,0.0,C,15
239,NISSAN Qashqai 1.3 DIG-T N-Connecta 4x2 103kW,NISSAN,Qashqai,N-Connecta,4x2,19110.0,2019-06-01,Gasolina,10000.0,Todo Terreno,Manual,140.0,24.0,C,11
240,NISSAN Qashqai 1.3 DIG-T N-Connecta 4x2 DCT 117kW,NISSAN,Qashqai,N-Connecta,4x2,21800.0,2019-02-01,Gasolina,45426.0,Todo Terreno,Automático,160.0,12.0,C,15
241,NISSAN Qashqai 1.5 DCI N-CONNECTA 85KW 115 5P,NISSAN,Qashqai,N-Connecta,4x2,19900.0,2019-01-01,Diesel,16500.0,Berlina mediana o grande,Manual,115.0,0.0,C,16
242,NISSAN Qashqai 1.7 DCI TEKNA 110KW 150 5P,NISSAN,Qashqai,Tekna,4x2,25500.0,2019-07-01,Diesel,250.0,Berlina mediana o grande,Manual,150.0,0.0,C,10
243,NISSAN Pulsar 1.2 DIG-T Acenta,NISSAN,Pulsar,Acenta,4x2,13300.0,2018-06-01,Gasolina,28864.0,Berlina,Manual,115.0,24.0,C,23
244,NISSAN Qashqai 1.5dCi N-Connecta 4x2,NISSAN,Qashqai,N-Connecta,4x2,14610.0,2017-02-01,Diesel,59681.0,Todo Terreno,Manual,110.0,12.0,C,39
245,NISSAN Micra 0.9 IG-T VISIA+ 90 5P,NISSAN,Micra,Visia,4x2,9600.0,2018-03-01,Gasolina,38436.0,Berlina mediana o grande,Manual,90.0,24.0,C,26
246,NISSAN Juke 1.6i Acenta,NISSAN,Juke,Acenta,4x2,8800.0,2010-01-01,Gasolina,100366.0,Todo Terreno,Manual,117.0,12.0,C,124
247,NISSAN Qashqai 1.5 DCI N-CONNECTA 85KW 115 5P,NISSAN,Qashqai,N-Connecta,4x2,19900.0,2019-05-01,Diesel,15200.0,Berlina mediana o grande,Manual,115.0,0.0,C,12
248,NISSAN Qashqai 1.5 DCI N-CONNECTA 85KW 115 5P,NISSAN,Qashqai,N-Connecta,4x2,19900.0,2019-02-01,Diesel,32500.0,Berlina mediana o grande,Manual,115.0,0.0,C,15
249,NISSAN Qashqai 1.3 DIG-T TEKNA+ 103KW 140 5P,NISSAN,Qashqai,Tekna,4x2,24900.0,2019-02-01,Gasolina,6000.0,Berlina mediana o grande,Manual,140.0,0.0,C,15
250,NISSAN 370Z  Pack *NAVEGADOR *BIXENON *CRUISE,NISSAN,,,4x2,23900.0,2011-03-01,Gasolina,108900.0,Deportivo o coupé,Manual,330.0,12.0,C,110
251,NISSAN Qashqai 1.2 DIG-T N-Connecta 4x2,NISSAN,Qashqai,N-Connecta,4x2,18400.0,2018-07-01,Gasolina,17183.0,Todo Terreno,Manual,115.0,24.0,C,22
252,NISSAN Juke 1.6 N-Connecta 4x2 112,NISSAN,Juke,N-Connecta,4x2,14600.0,2018-09-01,Gasolina,13104.0,Todo Terreno,Manual,112.0,24.0,C,20
253,NISSAN Qashqai 1.5 DCI N-CONNECTA 85KW 115 5P,NISSAN,Qashqai,N-Connecta,4x2,19900.0,2019-03-01,Diesel,15000.0,Berlina mediana o grande,Manual,115.0,0.0,C,14
254,NISSAN Qashqai 1.5dCi Acenta 4x2,NISSAN,Qashqai,Acenta,4x2,17900.0,2018-01-01,Diesel,10419.0,Todo Terreno,Manual,110.0,12.0,C,28
255,NISSAN Juke 1.2 DIG-T N-Connecta 4x2 115,NISSAN,Juke,N-Connecta,4x2,11680.0,2017-01-01,Gasolina,22300.0,Todo Terreno,Manual,115.0,12.0,C,40
256,NISSAN X-Trail 1.6 dCi Tekna 4x2 XTronic,NISSAN,X-Trail,Tekna,4x2,25900.0,2018-09-01,Diesel,23400.0,Todo Terreno,Automático,130.0,0.0,C,20
257,NISSAN Qashqai 1.3 DIG-T N-CONNECTA 103KW 140 5P,NISSAN,Qashqai,N-Connecta,4x2,20900.0,2019-06-01,Gasolina,11500.0,Berlina mediana o grande,Manual,140.0,0.0,C,11
258,NISSAN Qashqai 1.6dCi Tekna 4x4-i,NISSAN,Qashqai,Tekna,4x4,14950.0,2016-11-01,Diesel,75900.0,Todo Terreno,Manual,130.0,24.0,C,42
259,NISSAN Qashqai 1.3 DIG-T N-CONNECTA 103KW 140 5P,NISSAN,Qashqai,N-Connecta,4x2,21500.0,2019-12-01,Gasolina,10.0,Berlina mediana o grande,Manual,140.0,0.0,C,5
260,NISSAN Qashqai 1.6dCi N-Connecta 4x2,NISSAN,Qashqai,N-Connecta,4x2,15300.0,2017-08-01,Diesel,71742.0,Todo Terreno,Manual,130.0,12.0,C,33
261,NISSAN Qashqai 1.3 DIG-T N-CONNECTA 103KW 140 5P,NISSAN,Qashqai,N-Connecta,4x2,20900.0,2019-06-01,Gasolina,11500.0,Berlina mediana o grande,Manual,140.0,0.0,C,11
262,NISSAN Qashqai 1.5dCi Tekna Premium 4x2,NISSAN,Qashqai,Tekna,4x2,15900.0,2015-01-01,Diesel,65500.0,Todo Terreno,Manual,110.0,12.0,C,64
263,NISSAN Juke 1.5dCi Acenta 4x2,NISSAN,Juke,Acenta,4x2,10530.0,2017-08-01,Diesel,43152.0,Todo Terreno,Manual,110.0,12.0,C,33
264,NISSAN Qashqai 1.5 DCI ACENTA 85KW 115 5P,NISSAN,Qashqai,Acenta,4x2,19900.0,2019-10-01,Diesel,550.0,Berlina mediana o grande,Manual,115.0,0.0,C,7
265,NISSAN Qashqai  1.3 DIG-T Acenta N-STYLE,NISSAN,Qashqai,Acenta,4x2,16810.0,2019-06-01,Gasolina,9487.0,Berlina mediana o grande,Manual,140.0,24.0,C,11
266,NISSAN X-Trail 2.0 dCi Tekna 4x2 XTronic,NISSAN,X-Trail,Tekna,4x2,19900.0,2016-09-01,Diesel,53000.0,Todo Terreno,Automático,177.0,12.0,C,44
267,NISSAN Qashqai 1.5dCi N-Connecta 4x2,NISSAN,Qashqai,N-Connecta,4x2,14160.0,2017-03-01,Diesel,57705.0,Todo Terreno,Manual,110.0,12.0,C,38
268,NISSAN Qashqai 1.5dCi N-Connecta 4x2 85kW,NISSAN,Qashqai,N-Connecta,4x2,18310.0,2019-05-01,Diesel,14086.0,Todo Terreno,Manual,115.0,24.0,C,12
269,NISSAN Qashqai 1.3 DIG-T ACENTA 103KW 140 5P,NISSAN,Qashqai,Acenta,4x2,20900.0,2019-12-01,Gasolina,10.0,Berlina mediana o grande,Manual,140.0,0.0,C,5
270,NISSAN Qashqai 1.3 DIG-T N-Connecta 4x2 103kW,NISSAN,Qashqai,N-Connecta,4x2,18410.0,2019-06-01,Gasolina,10000.0,Todo Terreno,Manual,140.0,24.0,C,11
271,NISSAN Leaf Tekna 30KWh,NISSAN,Leaf,Tekna,4x2,14160.0,2016-09-01,Eléctrico,67232.0,Berlina,Automático,109.0,12.0,0 EMISIONES,44
272,NISSAN Qashqai 1.3 DIG-T Acenta 4x2 103kW,NISSAN,Qashqai,Acenta,4x2,18990.0,2020-02-01,Gasolina,10.0,Todo Terreno,Manual,140.0,36.0,C,3
273,NISSAN Qashqai 1.3 DIG-T TEKNA+ 103KW 140 5P,NISSAN,Qashqai,Tekna,4x2,23900.0,2019-02-01,Gasolina,8000.0,Berlina mediana o grande,Manual,140.0,0.0,C,15
274,NISSAN Juke 1.5dCi Acenta 4x2,NISSAN,Juke,Acenta,4x2,12700.0,2015-11-01,Diesel,44491.0,Todo Terreno,Manual,110.0,12.0,C,54
275,NISSAN Qashqai 1.5dCi N-Vision 4x2,NISSAN,Qashqai,,4x2,14610.0,2017-02-01,Diesel,59930.0,Todo Terreno,Manual,110.0,18.0,C,39
276,NISSAN Qashqai 1.2 DIG-T N-Connecta 4x2,NISSAN,Qashqai,N-Connecta,4x2,16550.0,2018-06-01,Gasolina,18527.0,Todo Terreno,Manual,115.0,18.0,C,23
277,NISSAN Qashqai 1.3 DIG-T N-CONNECTA 103KW 140 5P,NISSAN,Qashqai,N-Connecta,4x2,21900.0,2019-12-01,Gasolina,10.0,Berlina mediana o grande,Manual,140.0,0.0,C,5
278,NISSAN Juke 1.5dCi N-Connecta 4x2,NISSAN,Juke,N-Connecta,4x2,12310.0,2018-11-01,Diesel,63031.0,Todo Terreno,Manual,110.0,12.0,C,18
279,NISSAN Qashqai 1.3 DIG-T N-CONNECTA 103KW 140 5P,NISSAN,Qashqai,N-Connecta,4x2,21900.0,2019-12-01,Gasolina,10.0,Berlina mediana o grande,Manual,140.0,0.0,C,5
280,NISSAN Leaf Tekna,NISSAN,Leaf,Tekna,4x2,11060.0,2014-06-01,Eléctrico,33570.0,Berlina,Automático,109.0,12.0,0 EMISIONES,71
281,NISSAN Pulsar 1.2 DIG-T Acenta,NISSAN,Pulsar,Acenta,4x2,12900.0,2018-06-01,Gasolina,35947.0,Berlina,Manual,115.0,24.0,C,23
282,NISSAN Qashqai 1.5dCi Acenta 4x2,NISSAN,Qashqai,Acenta,4x2,14900.0,2015-02-01,Diesel,29501.0,Todo Terreno,Manual,110.0,12.0,C,63
283,NISSAN Leaf  30kw Acenta Aut.,NISSAN,Leaf,Acenta,4x2,14160.0,2016-09-01,Eléctrico,60600.0,Berlina mediana o grande,Automático,109.0,12.0,0 EMISIONES,44
284,NISSAN Qashqai 1.2 DIG-T N-Connecta 4x2,NISSAN,Qashqai,N-Connecta,4x2,16550.0,2018-06-01,Gasolina,21758.0,Todo Terreno,Manual,115.0,18.0,C,23
285,NISSAN Qashqai 1.5dCi Acenta 4x2 85kW,NISSAN,Qashqai,Acenta,4x2,18900.0,2019-06-01,Diesel,11506.0,Todo Terreno,Manual,115.0,24.0,C,11
286,NISSAN Juke 1.6 N-Connecta 4x2 112,NISSAN,Juke,N-Connecta,4x2,14700.0,2018-10-01,Gasolina,9762.0,Todo Terreno,Manual,112.0,24.0,C,19
287,NISSAN Qashqai 1.5 DCI TEKNA 85KW 115 5P,NISSAN,Qashqai,Tekna,4x2,23500.0,2019-09-01,Diesel,18300.0,Berlina mediana o grande,Manual,115.0,0.0,C,8
288,NISSAN Qashqai 1.5dCi N-Connecta 4x2,NISSAN,Qashqai,N-Connecta,4x2,14160.0,2017-02-01,Diesel,69369.0,Todo Terreno,Manual,110.0,12.0,C,39
289,NISSAN Qashqai 1.2 DIG-T N-Connecta 4x2,NISSAN,Qashqai,N-Connecta,4x2,16810.0,2018-06-01,Gasolina,15952.0,Todo Terreno,Manual,115.0,18.0,C,23
290,NISSAN Qashqai 1.5dCi N-Connecta 4x2,NISSAN,Qashqai,N-Connecta,4x2,13190.0,2016-03-01,Diesel,93403.0,Todo Terreno,Manual,110.0,12.0,C,50
291,NISSAN Qashqai 1.2 DIG-T N-Connecta 4x2,NISSAN,Qashqai,N-Connecta,4x2,16550.0,2018-06-01,Gasolina,17544.0,Todo Terreno,Manual,115.0,18.0,C,23
292,NISSAN Qashqai 1.2 DIG-T N-Connecta 4x2,NISSAN,Qashqai,N-Connecta,4x2,18500.0,2018-06-01,Gasolina,18500.0,Todo Terreno,Manual,115.0,18.0,C,23
293,NISSAN Qashqai 1.3 DIG-T N-CONNECTA 103KW 140 5P,NISSAN,Qashqai,N-Connecta,4x2,22900.0,2019-12-01,Gasolina,10.0,Berlina mediana o grande,Manual,140.0,0.0,C,5
294,NISSAN Qashqai 1.3 DIG-T TEKNA 103KW 140 5P,NISSAN,Qashqai,Tekna,4x2,23500.0,2019-02-01,Gasolina,8800.0,Berlina mediana o grande,Manual,140.0,0.0,C,15
295,NISSAN Qashqai 1.6dCi Visia 4x4-i,NISSAN,Qashqai,Visia,4x4,18310.0,2019-06-01,Diesel,10000.0,Todo Terreno,Manual,130.0,24.0,C,11
296,NISSAN Qashqai 1.6 DCI N-CONNECTA 130 5P,NISSAN,Qashqai,N-Connecta,4x2,19500.0,2018-06-01,Diesel,22500.0,Berlina mediana o grande,Manual,130.0,0.0,C,23
297,NISSAN X-Trail 1.6 DIG-T N-Connecta 4x2,NISSAN,X-Trail,N-Connecta,4x2,22900.0,2018-07-01,Gasolina,17842.0,Todo Terreno,Manual,163.0,24.0,C,22
298,NISSAN Juke 1.6G ACENTA 83 KW (112 CV),NISSAN,Juke,Acenta,4x2,11800.0,2018-09-01,Gasolina,27218.0,"4x4, SUV o pickup",Manual,112.0,24.0,C,20
299,NISSAN Qashqai 1.5dCi Acenta 4x2,NISSAN,Qashqai,Acenta,4x2,11320.0,2016-04-01,Diesel,137697.0,Todo Terreno,Manual,110.0,12.0,C,49
300,NISSAN Qashqai 1.6dCi Tekna+ 4x2,NISSAN,Qashqai,Tekna,4x2,24900.0,2019-03-01,Diesel,12935.0,Todo Terreno,Automático,130.0,24.0,C,14
301,NISSAN Qashqai 1.5 DCI N-CONNECTA 85KW 115 5P,NISSAN,Qashqai,N-Connecta,4x2,19900.0,2019-05-01,Diesel,15200.0,Berlina mediana o grande,Manual,115.0,0.0,C,12
302,NISSAN Qashqai 1.2 DIG-T N-Connecta 4x2,NISSAN,Qashqai,N-Connecta,4x2,16550.0,2018-06-01,Gasolina,18855.0,Todo Terreno,Manual,115.0,18.0,C,23
303,NISSAN Leaf  30kw Acenta Aut.,NISSAN,Leaf,Acenta,4x2,14160.0,2016-09-01,Eléctrico,61195.0,Berlina mediana o grande,Automático,109.0,12.0,0 EMISIONES,44
304,NISSAN X-Trail 1.6 DIG-T Tekna 4x2,NISSAN,X-Trail,Tekna,4x2,23000.0,2019-01-01,Gasolina,17691.0,Todo Terreno,Manual,163.0,24.0,C,16
305,NISSAN Qashqai 1.3 DIG-T N-CONNECTA 103KW 140 5P,NISSAN,Qashqai,N-Connecta,4x2,17900.0,2018-12-01,Gasolina,30100.0,Berlina mediana o grande,Manual,140.0,0.0,C,17
306,NISSAN Qashqai 1.5 DCI TEKNA 85KW 115 5P,NISSAN,Qashqai,Tekna,4x2,23500.0,2019-09-01,Diesel,10100.0,Berlina mediana o grande,Manual,115.0,0.0,C,8
307,NISSAN Qashqai 1.3 DIG-T N-CONNECTA 117KW 160 5P,NISSAN,Qashqai,N-Connecta,4x2,21500.0,2019-01-01,Gasolina,5500.0,Berlina mediana o grande,Manual,160.0,0.0,C,16
308,NISSAN Qashqai 1.5dCi 360 4x2,NISSAN,Qashqai,,4x2,13300.0,2015-11-01,Diesel,90000.0,Todo Terreno,Manual,110.0,12.0,C,54
309,NISSAN Qashqai 1.3 DIG-T N-CONNECTA 103KW 140 5P,NISSAN,Qashqai,N-Connecta,4x2,20500.0,2019-02-01,Gasolina,14600.0,Berlina mediana o grande,Manual,140.0,0.0,C,15
310,NISSAN Pulsar 1.2 DIG-T Sport Edition,NISSAN,Pulsar,,4x2,10970.0,2018-01-01,Gasolina,30123.0,Berlina,Manual,115.0,12.0,C,28
311,NISSAN Pulsar 1.2 DIG-T Acenta,NISSAN,Pulsar,Acenta,4x2,12800.0,2018-03-01,Gasolina,26218.0,Berlina,Manual,115.0,24.0,C,26
312,NISSAN Qashqai 1.6dCi Acenta 4x4-i,NISSAN,Qashqai,Acenta,4x4,15900.0,2016-06-01,Diesel,99900.0,Todo Terreno,Manual,130.0,12.0,C,47
313,NISSAN Qashqai 1.5dCi N-Connecta 4x2,NISSAN,Qashqai,N-Connecta,4x2,13540.0,2016-12-01,Diesel,59698.0,Todo Terreno,Manual,110.0,12.0,C,41
314,NISSAN Qashqai 1.3 DIG-T Acenta 4x2 103kW,NISSAN,Qashqai,Acenta,4x2,19800.0,2019-05-01,Gasolina,3597.0,Todo Terreno,Manual,140.0,24.0,C,12
315,NISSAN X-Trail 1.3 DIG-T Acenta 4x2 DCT,NISSAN,X-Trail,Acenta,4x2,23900.0,2019-11-01,Gasolina,10.0,Todo Terreno,Automático,160.0,0.0,C,6
316,NISSAN Juke 1.6 Tekna 4x2 XTronic CVT 112,NISSAN,Juke,Tekna,4x2,15900.0,2018-10-01,Gasolina,6290.0,Todo Terreno,Automático,112.0,12.0,C,19
317,NISSAN Qashqai 1.5 DCI N-CONNECTA 85KW 115 5P,NISSAN,Qashqai,N-Connecta,4x2,19900.0,2019-01-01,Diesel,16500.0,Berlina mediana o grande,Manual,115.0,0.0,C,16
318,NISSAN Qashqai 1.2 DIG-T N-Connecta 4x2,NISSAN,Qashqai,N-Connecta,4x2,18500.0,2018-06-01,Gasolina,13020.0,Todo Terreno,Manual,115.0,24.0,C,23
319,NISSAN Qashqai 1.6dCi Tekna Premium 4x2 XTronic,NISSAN,Qashqai,Tekna,4x2,16500.0,2015-03-01,Diesel,54295.0,Todo Terreno,Automático,130.0,12.0,C,62
320,NISSAN Qashqai 1.5 DCI TEKNA 85KW 115 5P,NISSAN,Qashqai,Tekna,4x2,23500.0,2019-09-01,Diesel,18300.0,Berlina mediana o grande,Manual,115.0,0.0,C,8
321,NISSAN Qashqai 1.6dCi Tekna+ 4x2 XTronic,NISSAN,Qashqai,Tekna,4x2,24400.0,2018-06-01,Diesel,16600.0,Todo Terreno,Automático,130.0,24.0,C,23
322,NISSAN Qashqai 1.3 DIG-T N-CONNECTA 117KW 160 5P,NISSAN,Qashqai,N-Connecta,4x2,19900.0,2018-12-01,Gasolina,27800.0,Berlina mediana o grande,Manual,160.0,0.0,C,17
323,NISSAN Qashqai 1.2 DIG-T N-Connecta 4x2,NISSAN,Qashqai,N-Connecta,4x2,18500.0,2018-08-01,Gasolina,16458.0,Todo Terreno,Manual,115.0,12.0,C,21
324,NISSAN Qashqai 1.2 DIG-T N-Connecta 4x2,NISSAN,Qashqai,N-Connecta,4x2,15040.0,2017-01-01,Gasolina,31420.0,Todo Terreno,Manual,115.0,12.0,C,40
325,NISSAN Qashqai 1.3 DIG-T TEKNA+ 103KW 140 5P,NISSAN,Qashqai,Tekna,4x2,23900.0,2019-02-01,Gasolina,7800.0,Berlina mediana o grande,Manual,140.0,0.0,C,15
326,NISSAN X-Trail 1.3 DIG-T N-Connecta 4x2 DCT,NISSAN,X-Trail,N-Connecta,4x2,25900.0,2019-05-01,Gasolina,50.0,Todo Terreno,Automático,160.0,0.0,C,12
327,NISSAN Qashqai 1.3 DIG-T N-CONNECTA 117KW 160 5P,NISSAN,Qashqai,N-Connecta,4x2,21900.0,2018-11-01,Gasolina,10.0,Berlina mediana o grande,Manual,160.0,0.0,C,18
328,NISSAN X-Trail 1.6 dCi N-Connecta 4x4-i 7 pl.,NISSAN,X-Trail,N-Connecta,4x4,22900.0,2017-09-01,Diesel,16938.0,Todo Terreno,Manual,130.0,12.0,C,32
329,NISSAN Micra IG-T S&S N-Connecta 90,NISSAN,Micra,N-Connecta,4x2,10900.0,2018-03-01,Gasolina,19678.0,Berlina,Manual,90.0,12.0,C,26
330,NISSAN Leaf Acenta,NISSAN,Leaf,Acenta,4x2,10500.0,2013-10-01,Eléctrico,49896.0,Berlina mediana o grande,Automático,109.0,12.0,0 EMISIONES,79
331,NISSAN Qashqai 1.5 DCI N-CONNECTA 85KW 115 5P,NISSAN,Qashqai,N-Connecta,4x2,17900.0,2018-11-01,Diesel,27500.0,Berlina mediana o grande,Manual,115.0,0.0,C,18
332,NISSAN Pulsar 1.2 DIG-T Acenta,NISSAN,Pulsar,Acenta,4x2,12900.0,2018-06-01,Gasolina,36605.0,Berlina,Manual,115.0,24.0,C,23
333,NISSAN Pulsar 1.5 dCi Acenta,NISSAN,Pulsar,Acenta,4x2,10545.0,2017-10-01,Diesel,31607.0,Berlina,Manual,110.0,12.0,C,31
334,NISSAN Qashqai 1.6dCi N-Connecta 4x2,NISSAN,Qashqai,N-Connecta,4x2,21250.0,2018-03-01,Diesel,18000.0,Todo Terreno,Manual,130.0,0.0,C,26
335,NISSAN Qashqai 1.2 DIG-T S&S 360 115 5P,NISSAN,Qashqai,,4x2,13400.0,2015-03-01,Gasolina,44250.0,Berlina mediana o grande,Manual,115.0,0.0,C,62
336,NISSAN Qashqai 1.3 DIG-T N-Motion 4x2 103kW,NISSAN,Qashqai,,4x2,21900.0,2019-06-01,Gasolina,20.0,Todo Terreno,Manual,140.0,36.0,C,11
337,NISSAN Qashqai 1.2 DIG-T N-Connecta 4x2,NISSAN,Qashqai,N-Connecta,4x2,18900.0,2018-06-01,Gasolina,8746.0,Todo Terreno,Manual,115.0,24.0,C,23
338,NISSAN Qashqai 1.5dCi N-Motion 4x2 85kW,NISSAN,Qashqai,,4x2,21900.0,2019-05-01,Diesel,20.0,Todo Terreno,Manual,115.0,36.0,C,12
339,NISSAN X-Trail 1.3 DIG-T Acenta 4x2 DCT,NISSAN,X-Trail,Acenta,4x2,23900.0,2019-11-01,Gasolina,10.0,Todo Terreno,Automático,160.0,0.0,C,6
340,NISSAN Leaf  30 KW ACENTA,NISSAN,Leaf,Acenta,4x2,14160.0,2017-08-01,Eléctrico,21521.0,Berlina mediana o grande,Automático,109.0,12.0,0 EMISIONES,33
341,NISSAN Qashqai 1.5 DCI N-CONNECTA 85KW 115 5P,NISSAN,Qashqai,N-Connecta,4x2,17900.0,2018-11-01,Diesel,27500.0,Berlina mediana o grande,Manual,115.0,0.0,C,18
342,NISSAN Qashqai 1.2 DIG-T N-Connecta 4x2,NISSAN,Qashqai,N-Connecta,4x2,15999.0,2018-01-01,Gasolina,28959.0,Todo Terreno,Manual,115.0,24.0,C,28
343,NISSAN Qashqai 1.3 DIG-T N-CONNECTA 103KW 140 5P,NISSAN,Qashqai,N-Connecta,4x2,22900.0,2019-12-01,Gasolina,10.0,Berlina mediana o grande,Manual,140.0,0.0,C,5
344,NISSAN Qashqai 1.3 DIG-T N-CONNECTA 117KW 160 5P,NISSAN,Qashqai,N-Connecta,4x2,19900.0,2018-12-01,Gasolina,27800.0,Berlina mediana o grande,Manual,160.0,0.0,C,17
345,NISSAN Micra 1.2 Naru Edition,NISSAN,Micra,,4x2,6200.0,2016-07-01,Gasolina,46200.0,Berlina,Manual,80.0,12.0,C,46
346,NISSAN Qashqai 1.2 DIG-T N-Connecta 4x2,NISSAN,Qashqai,N-Connecta,4x2,14420.0,2017-03-01,Gasolina,77842.0,Todo Terreno,Manual,115.0,12.0,C,38
347,NISSAN Juke 1.5dCi Acenta 4x2,NISSAN,Juke,Acenta,4x2,13900.0,2018-03-01,Diesel,12500.0,Todo Terreno,Manual,110.0,12.0,C,26
348,NISSAN Qashqai 1.5dCi Acenta 4x2,NISSAN,Qashqai,Acenta,4x2,16500.0,2017-06-01,Diesel,27800.0,Todo Terreno,Manual,110.0,12.0,C,35
349,NISSAN Qashqai 1.2 DIG-T N-Connecta 4x2,NISSAN,Qashqai,N-Connecta,4x2,15490.0,2017-12-01,Gasolina,40969.0,Todo Terreno,Manual,115.0,12.0,C,29
350,NISSAN Juke 1.5dCi N-Connecta 4x2,NISSAN,Juke,N-Connecta,4x2,11510.0,2016-10-01,Diesel,71425.0,Todo Terreno,Manual,110.0,12.0,C,43
351,NISSAN Pulsar 1.5 dCi Acenta,NISSAN,Pulsar,Acenta,4x2,12800.0,2018-03-01,Diesel,22094.0,Berlina,Manual,110.0,24.0,C,26
352,NISSAN Qashqai 1.6dCi 360 4x2 XTronic,NISSAN,Qashqai,,4x2,16500.0,2015-10-01,Diesel,114000.0,Todo Terreno,Automático,130.0,12.0,C,55
353,NISSAN Qashqai 1.3 DIG-T TEKNA+ 103KW 140 5P,NISSAN,Qashqai,Tekna,4x2,24900.0,2019-02-01,Gasolina,6000.0,Berlina mediana o grande,Manual,140.0,0.0,C,15
354,NISSAN X-Trail 1.3 DIG-T N-Connecta 4x2 DCT,NISSAN,X-Trail,N-Connecta,4x2,25900.0,2019-05-01,Gasolina,20.0,Todo Terreno,Automático,160.0,36.0,C,12
355,NISSAN Pulsar 1.5 dCi Tekna,NISSAN,Pulsar,Tekna,4x2,10999.0,2015-08-01,Diesel,102578.0,Berlina,Manual,110.0,0.0,C,57
356,NISSAN Qashqai 1.6dCi N-Connecta 4x2,NISSAN,Qashqai,N-Connecta,4x2,19900.0,2018-08-01,Diesel,30344.0,Todo Terreno,Manual,130.0,12.0,C,21
357,NISSAN Micra  1.5dCi 66 kW (90 CV) S&S Acenta,NISSAN,Micra,Acenta,4x2,14700.0,2019-06-01,Diesel,0.0,Pequeño,Manual,90.0,12.0,C,11
358,NISSAN Qashqai 1.5dCi N-Connecta 4x2 85kW,NISSAN,Qashqai,N-Connecta,4x2,19500.0,2018-12-01,Diesel,5675.0,Todo Terreno,Manual,115.0,18.0,C,17
359,NISSAN Qashqai 1.3 DIG-T ACENTA 103KW 140 5P,NISSAN,Qashqai,Acenta,4x2,20900.0,2019-12-01,Gasolina,10.0,Berlina mediana o grande,Manual,140.0,0.0,C,5
360,NISSAN Qashqai 1.5dCi N-Connecta 4x2,NISSAN,Qashqai,N-Connecta,4x2,14500.0,2016-03-01,Diesel,113900.0,Todo Terreno,Manual,110.0,12.0,C,50
361,NISSAN X-Trail 1.6 DIG-T Tekna 4x2 7 pl.,NISSAN,X-Trail,Tekna,4x2,24900.0,2018-03-01,Gasolina,8788.0,Todo Terreno,Manual,163.0,18.0,C,26
362,NISSAN Qashqai 1.3 DIG-T N-CONNECTA 103KW 140 5P,NISSAN,Qashqai,N-Connecta,4x2,19900.0,2019-02-01,Gasolina,29500.0,Berlina mediana o grande,Manual,140.0,0.0,C,15
363,NISSAN Qashqai 1.6dCi N-Connecta 4x2,NISSAN,Qashqai,N-Connecta,4x2,19900.0,2018-04-01,Diesel,29913.0,Todo Terreno,Manual,130.0,12.0,C,25
364,NISSAN Note 1.2 Acenta,NISSAN,Note,Acenta,4x2,6400.0,2014-08-01,Gasolina,48000.0,Monovolumen,Manual,80.0,12.0,C,69
365,NISSAN Qashqai 5P DIG-T 117 KW (160 CV) E6D 6M/T 4X2 N-CONNECTA,NISSAN,Qashqai,N-Connecta,4x2,21500.0,2019-01-01,Gasolina,5500.0,Berlina mediana o grande,Manual,160.0,0.0,C,16
366,NISSAN Qashqai 1.5 DCI N-CONNECTA 110 5P,NISSAN,Qashqai,N-Connecta,4x2,13750.0,2016-05-01,Diesel,90000.0,Berlina mediana o grande,Manual,110.0,0.0,C,48
367,NISSAN Qashqai 1.3 DIG-T TEKNA+ 103KW 140 5P,NISSAN,Qashqai,Tekna,4x2,23900.0,2019-02-01,Gasolina,7800.0,Berlina mediana o grande,Manual,140.0,0.0,C,15
368,NISSAN Micra 1.2 Naru Edition,NISSAN,Micra,,4x2,6250.0,2017-02-01,Gasolina,43000.0,Berlina,Manual,80.0,0.0,C,39
369,NISSAN Micra 1.5dCi S&S Acenta 90,NISSAN,Micra,Acenta,4x2,11200.0,2017-07-01,Diesel,31000.0,Berlina,Manual,90.0,12.0,C,34
370,NISSAN X-Trail 1.7 DCI TEKNA 110KW 150,NISSAN,X-Trail,Tekna,4x2,27900.0,2019-06-01,Diesel,10148.0,"4x4, SUV o pickup",Manual,150.0,24.0,C,11
371,NISSAN Juke 1.6 N-Connecta 4x2 112,NISSAN,Juke,N-Connecta,4x2,14900.0,2019-02-01,Gasolina,3714.0,Todo Terreno,Manual,112.0,24.0,C,15
372,NISSAN Qashqai 1.3 DIG-T Acenta 4x2 103kW,NISSAN,Qashqai,Acenta,4x2,19900.0,2019-10-01,Gasolina,20.0,Todo Terreno,Manual,140.0,36.0,C,7
373,NISSAN Qashqai 1.3 DIG-T N-CONNECTA 103KW 140 5P,NISSAN,Qashqai,N-Connecta,4x2,20500.0,2019-02-01,Gasolina,25500.0,Berlina mediana o grande,Manual,140.0,0.0,C,15
374,NISSAN Qashqai 1.2 DIG-T N-Connecta 4x2,NISSAN,Qashqai,N-Connecta,4x2,16810.0,2018-06-01,Gasolina,14605.0,Todo Terreno,Manual,115.0,18.0,C,23
375,NISSAN Qashqai 1.3 DIG-T N-Connecta 4x2 103kW,NISSAN,Qashqai,N-Connecta,4x2,18900.0,2019-08-01,Gasolina,22000.0,Todo Terreno,Manual,140.0,24.0,C,9
376,NISSAN Qashqai 1.5dCi N-Connecta 4x2,NISSAN,Qashqai,N-Connecta,4x2,15800.0,2017-04-01,Diesel,47000.0,Todo Terreno,Manual,110.0,12.0,C,37
377,NISSAN Micra 0.9 IG-T N-CONNECTA 90 5P,NISSAN,Micra,N-Connecta,4x2,11500.0,2018-03-01,Gasolina,16274.0,Berlina mediana o grande,Manual,90.0,12.0,C,26
378,NISSAN Qashqai 1.5dCi N-Connecta 4x2 85kW,NISSAN,Qashqai,N-Connecta,4x2,20890.0,2019-09-01,Diesel,11000.0,Todo Terreno,Manual,115.0,12.0,C,8
379,NISSAN Qashqai 1.3 DIG-T N-CONNECTA 103KW 140 5P,NISSAN,Qashqai,N-Connecta,4x2,20900.0,2019-07-01,Gasolina,14900.0,Berlina mediana o grande,Manual,140.0,0.0,C,10
380,NISSAN Qashqai 1.2 DIG-T N-Connecta 4x2,NISSAN,Qashqai,N-Connecta,4x2,16630.0,2018-06-01,Gasolina,16866.0,Todo Terreno,Manual,115.0,18.0,C,23
381,NISSAN Juke 1.6 Acenta 4x2 112,NISSAN,Juke,Acenta,4x2,11900.0,2018-12-01,Gasolina,25846.0,Todo Terreno,Manual,112.0,24.0,C,17
382,NISSAN Micra 0.9 IG-T N-CONNECTA 90 5P,NISSAN,Micra,N-Connecta,4x2,11300.0,2018-03-01,Gasolina,20475.0,Berlina mediana o grande,Manual,90.0,12.0,C,26
383,NISSAN Qashqai 1.5dCi 360 4x2,NISSAN,Qashqai,,4x2,13500.0,2016-05-01,Diesel,64225.0,Todo Terreno,Manual,110.0,12.0,C,48
384,NISSAN Qashqai 1.3 DIG-T TEKNA 103KW 140 5P,NISSAN,Qashqai,Tekna,4x2,22500.0,2018-09-01,Gasolina,2700.0,Berlina mediana o grande,Manual,140.0,0.0,C,20
385,NISSAN Pulsar 1.5 dCi Acenta,NISSAN,Pulsar,Acenta,4x2,11200.0,2017-04-01,Diesel,6000.0,Berlina,Manual,110.0,12.0,C,37
386,NISSAN Qashqai 1.3 DIG-T Acenta 4x2 103kW,NISSAN,Qashqai,Acenta,4x2,19900.0,2019-04-01,Gasolina,4289.0,Todo Terreno,Manual,140.0,24.0,C,13
387,NISSAN Qashqai 1.3 DIG-T N-Connecta 4x2 103kW,NISSAN,Qashqai,N-Connecta,4x2,19900.0,2019-12-01,Gasolina,0.0,Todo Terreno,Manual,140.0,12.0,C,5
388,NISSAN Juke 1.6 N-Connecta 4x2 112,NISSAN,Juke,N-Connecta,4x2,13900.0,2019-03-01,Gasolina,10650.0,Todo Terreno,Manual,112.0,12.0,C,14
389,NISSAN Micra 0.9 IG-T ACENTA 90 5P,NISSAN,Micra,Acenta,4x2,10600.0,2018-01-01,Gasolina,21254.0,Berlina mediana o grande,Manual,90.0,12.0,C,28
390,NISSAN Qashqai 1.5dCi N-Connecta 4x2 85kW,NISSAN,Qashqai,N-Connecta,4x2,20500.0,2019-01-01,Diesel,12000.0,Todo Terreno,Manual,115.0,12.0,C,16
391,NISSAN Qashqai 1.3 DIG-T N-CONNECTA 103KW 140 5P,NISSAN,Qashqai,N-Connecta,4x2,21500.0,2019-12-01,Gasolina,10.0,Berlina mediana o grande,Manual,140.0,0.0,C,5
392,NISSAN Note 1.2 Acenta,NISSAN,Note,Acenta,4x2,6900.0,2016-11-01,Gasolina,43968.0,Monovolumen,Manual,80.0,12.0,C,42
393,NISSAN Juke 1.5dCi Acenta 4x2,NISSAN,Juke,Acenta,4x2,13400.0,2018-03-01,Diesel,15000.0,Todo Terreno,Manual,110.0,12.0,C,26
394,NISSAN Qashqai 1.3 DIG-T N-CONNECTA 117KW 160 5P,NISSAN,Qashqai,N-Connecta,4x2,21900.0,2018-11-01,Gasolina,10.0,Berlina mediana o grande,Manual,160.0,0.0,C,18
395,NISSAN Qashqai 1.2 DIG-T N-Connecta 4x2,NISSAN,Qashqai,N-Connecta,4x2,16810.0,2018-06-01,Gasolina,12189.0,Todo Terreno,Manual,115.0,18.0,C,23
396,NISSAN Juke 1.6i Acenta,NISSAN,Juke,Acenta,4x2,8500.0,2012-12-01,Gasolina,72000.0,Todo Terreno,Manual,117.0,0.0,C,89
397,NISSAN Qashqai 1.5 DCI ACENTA 110 5P,NISSAN,Qashqai,Acenta,4x2,15900.0,2015-07-01,Diesel,105586.0,Berlina mediana o grande,Manual,110.0,12.0,C,58
398,NISSAN Qashqai 1.3 DIG-T N-CONNECTA DCT 117KW 160 5P,NISSAN,Qashqai,N-Connecta,4x2,24900.0,2019-11-01,Gasolina,1200.0,Berlina mediana o grande,Automático,160.0,0.0,C,6
399,NISSAN Qashqai 1.6dCi N-Connecta 4x2,NISSAN,Qashqai,N-Connecta,4x2,16500.0,2017-03-01,Diesel,52046.0,Todo Terreno,Manual,130.0,12.0,C,38
400,NISSAN Qashqai 1.3 DIG-T N-Motion 4x2 103kW,NISSAN,Qashqai,,4x2,21900.0,2019-04-01,Gasolina,20.0,Todo Terreno,Manual,140.0,36.0,C,13
401,NISSAN Qashqai 1.3 DIG-T N-Motion 4x2 103kW,NISSAN,Qashqai,,4x2,21900.0,2019-04-01,Gasolina,20.0,Todo Terreno,Manual,140.0,36.0,C,13
402,NISSAN X-Trail 1.6 dCi Acenta 4x4-i,NISSAN,X-Trail,Acenta,4x4,15900.0,2015-01-01,Diesel,118000.0,Todo Terreno,Manual,130.0,12.0,C,64
403,NISSAN Juke 1.2 DIG-T Acenta 4x2 115,NISSAN,Juke,Acenta,4x2,10900.0,2018-03-01,Gasolina,30001.0,Todo Terreno,Manual,115.0,24.0,C,26
404,NISSAN Qashqai 1.5dCi Acenta 4x2,NISSAN,Qashqai,Acenta,4x2,12995.0,2014-07-01,Diesel,65000.0,Todo Terreno,Manual,110.0,12.0,C,70
405,NISSAN Qashqai 1.3 DIG-T N-CONNECTA 103KW 140 5P,NISSAN,Qashqai,N-Connecta,4x2,20900.0,2019-06-01,Gasolina,14600.0,Berlina mediana o grande,Manual,140.0,0.0,C,11
406,NISSAN Qashqai 1.2 DIG-T Acenta 4x2,NISSAN,Qashqai,Acenta,4x2,15390.0,2015-01-01,Gasolina,54066.0,Todo Terreno,Manual,115.0,12.0,C,64
407,NISSAN Qashqai 1.5dCi N-Connecta 4x2,NISSAN,Qashqai,N-Connecta,4x2,17500.0,2016-08-01,Diesel,30688.0,Todo Terreno,Manual,110.0,12.0,C,45
408,NISSAN Micra 1.5dCi S&S Visia+ 90,NISSAN,Micra,Visia,4x2,9800.0,2017-05-01,Diesel,39000.0,Berlina,Manual,90.0,12.0,C,36
409,NISSAN Pulsar 1.2 DIG-T Acenta,NISSAN,Pulsar,Acenta,4x2,12900.0,2018-06-01,Gasolina,34922.0,Berlina,Manual,115.0,24.0,C,23
410,NISSAN Qashqai 1.3 DIG-T ACENTA 103KW 140 5P,NISSAN,Qashqai,Acenta,4x2,19900.0,2019-12-01,Gasolina,10.0,Berlina mediana o grande,Manual,140.0,0.0,C,5
411,NISSAN Juke 1.5dCi Acenta 4x2,NISSAN,Juke,Acenta,4x2,13900.0,2018-03-01,Diesel,10000.0,Todo Terreno,Manual,110.0,12.0,C,26
412,NISSAN Qashqai 1.6dCi Tekna+ 4x2 XTronic,NISSAN,Qashqai,Tekna,4x2,26900.0,2019-06-01,Diesel,1250.0,Todo Terreno,Automático,130.0,36.0,C,11
413,NISSAN Micra 1.5dCi S&S Acenta 90,NISSAN,Micra,Acenta,4x2,12700.0,2019-06-01,Diesel,0.0,Berlina,Manual,90.0,12.0,C,11
414,NISSAN Qashqai  Tekna DIG-T 103 kW (140 CV),NISSAN,Qashqai,Tekna,4x2,22500.0,2019-09-01,Gasolina,0.0,"4x4, SUV o pickup",Manual,140.0,12.0,C,8
415,NISSAN Leaf TEKNA 40KWH 150 5P,NISSAN,Leaf,Tekna,4x2,24900.0,2019-01-01,Eléctrico,5581.0,Berlina mediana o grande,Automático,150.0,24.0,0 EMISIONES,16
416,NISSAN Juke 1.5dCi Acenta 4x2,NISSAN,Juke,Acenta,4x2,12490.0,2017-01-01,Diesel,33984.0,Todo Terreno,Manual,110.0,12.0,C,40
417,NISSAN Leaf TEKNA 40KWH 150 5P,NISSAN,Leaf,Tekna,4x2,24900.0,2019-01-01,Eléctrico,5581.0,Berlina mediana o grande,Automático,150.0,24.0,0 EMISIONES,16
418,NISSAN Juke 1.5dCi Acenta 4x2,NISSAN,Juke,Acenta,4x2,12490.0,2017-01-01,Diesel,33984.0,Todo Terreno,Manual,110.0,12.0,C,40
419,NISSAN Qashqai 1.3 DIG-T TEKNA 103KW 140 5P,NISSAN,Qashqai,Tekna,4x2,22500.0,2018-09-01,Gasolina,2700.0,Berlina mediana o grande,Manual,140.0,0.0,C,20
420,NISSAN Qashqai 1.7 DCI TEKNA+ 110KW 150 5P,NISSAN,Qashqai,Tekna,4x2,27900.0,2019-11-01,Diesel,10.0,Berlina mediana o grande,Manual,150.0,0.0,C,6
421,NISSAN Qashqai 1.6dCi Tekna+ 4x2 XTronic,NISSAN,Qashqai,Tekna,4x2,23900.0,2017-12-01,Diesel,39672.0,Todo Terreno,Automático,130.0,12.0,C,29
422,NISSAN Qashqai 1.6 DIG-T Acenta 4x2,NISSAN,Qashqai,Acenta,4x2,15950.0,2017-01-01,Gasolina,35000.0,Todo Terreno,Manual,163.0,12.0,C,40
423,NISSAN Qashqai 1.5dCi N-Connecta 4x2 85kW,NISSAN,Qashqai,N-Connecta,4x2,18310.0,2019-05-01,Diesel,14086.0,Todo Terreno,Manual,115.0,24.0,C,12
424,NISSAN Qashqai 1.3 DIG-T TEKNA 117KW 160 5P,NISSAN,Qashqai,Tekna,4x2,24900.0,2019-09-01,Gasolina,10.0,Berlina mediana o grande,Manual,160.0,0.0,C,8
425,NISSAN Juke ACCENTA 1.2 DIG,NISSAN,Juke,,4x2,10700.0,2016-04-01,Gasolina,39000.0,"4x4, SUV o pickup",Manual,115.0,12.0,C,49
426,NISSAN X-Trail 2.0 dCi N-Connecta 4x2 XTronic,NISSAN,X-Trail,N-Connecta,4x2,20454.0,2017-12-01,Diesel,51290.0,Todo Terreno,Automático,177.0,12.0,C,29
427,NISSAN Juke 1.5dCi Acenta 4x2,NISSAN,Juke,Acenta,4x2,10990.0,2016-10-01,Diesel,74050.0,Todo Terreno,Manual,110.0,12.0,C,43
428,NISSAN Qashqai 1.3 DIG-T N-CONNECTA 103KW 140 5P,NISSAN,Qashqai,N-Connecta,4x2,22900.0,2019-12-01,Gasolina,10.0,Berlina mediana o grande,Manual,140.0,0.0,C,5
429,NISSAN Juke ACCENTA 1.2 DIG,NISSAN,Juke,,4x2,10700.0,2016-04-01,Gasolina,39000.0,"4x4, SUV o pickup",Manual,115.0,12.0,C,49
430,NISSAN Pathfinder 2.5dCi XE 5pl.,NISSAN,Pathfinder,,4x2,8900.0,2006-08-01,Diesel,227700.0,Todo Terreno,Manual,174.0,6.0,B,165
431,NISSAN Juke 1.2 DIG-T Acenta 4x2 115,NISSAN,Juke,Acenta,4x2,13600.0,2018-08-01,Gasolina,10000.0,Todo Terreno,Manual,115.0,12.0,C,21
432,NISSAN Qashqai 1.6dCi S&S Tekna Sport 4x2 17´´,NISSAN,Qashqai,Tekna,4x2,13500.0,2012-10-01,Diesel,101000.0,Todo Terreno,Manual,130.0,12.0,B,91
433,NISSAN X-Trail 1.7 DCI TEKNA 110KW 150 5P,NISSAN,X-Trail,Tekna,4x2,28900.0,2019-11-01,Diesel,10.0,"4x4, SUV o pickup",Manual,150.0,0.0,C,6
434,NISSAN Pulsar 1.2 DIG-T Tekna XTronic,NISSAN,Pulsar,Tekna,4x2,12500.0,2016-01-01,Gasolina,55107.0,Berlina,Automático,115.0,12.0,C,52
435,NISSAN Qashqai 1.6 DCI N-CONNECTA 130 5P,NISSAN,Qashqai,N-Connecta,4x2,19000.0,2018-07-01,Diesel,21500.0,Berlina mediana o grande,Manual,130.0,0.0,C,22
436,NISSAN Qashqai 1.6dCi N-Connecta 4x2,NISSAN,Qashqai,N-Connecta,4x2,19000.0,2018-07-01,Diesel,15000.0,Todo Terreno,Manual,130.0,12.0,C,22
437,NISSAN Qashqai 1.3 DIG-T ACENTA 103KW 140 5P,NISSAN,Qashqai,Acenta,4x2,19900.0,2019-12-01,Gasolina,10.0,Berlina mediana o grande,Manual,140.0,0.0,C,5
438,NISSAN Qashqai 1.5 DCI ACENTA 110 5P,NISSAN,Qashqai,Acenta,4x2,14990.0,2015-03-01,Diesel,56504.0,Berlina mediana o grande,Manual,110.0,12.0,C,62
439,NISSAN Qashqai 1.5dCi Acenta 4x2 85kW,NISSAN,Qashqai,Acenta,4x2,19900.0,2019-07-01,Diesel,3500.0,Todo Terreno,Manual,115.0,36.0,C,10
440,NISSAN Qashqai 1.3 DIG-T N-CONNECTA 103KW 140 5P,NISSAN,Qashqai,N-Connecta,4x2,20900.0,2019-09-01,Gasolina,20700.0,Berlina mediana o grande,Manual,140.0,0.0,C,8
441,NISSAN Pulsar 1.2 DIG-T Acenta,NISSAN,Pulsar,Acenta,4x2,11800.0,2018-03-01,Gasolina,28783.0,Berlina,Manual,115.0,12.0,C,26
442,NISSAN Qashqai 1.5dCi N-Motion 4x2 85kW,NISSAN,Qashqai,,4x2,20500.0,2019-06-01,Diesel,5000.0,Todo Terreno,Manual,115.0,36.0,C,11
443,NISSAN Micra 1.5dCi S&S Visia+ 90,NISSAN,Micra,Visia,4x2,9500.0,2017-05-01,Diesel,44000.0,Berlina,Manual,90.0,12.0,C,36
444,NISSAN Qashqai 1.6 DCI TEKNA+ AUTO 130 5P,NISSAN,Qashqai,Tekna,4x2,23900.0,2018-09-01,Diesel,10500.0,Berlina mediana o grande,Automático,130.0,0.0,C,20
445,NISSAN X-Trail 1.6 DCI N-CONNECTA 7 SEAT 130 5P 7 PLAZAS,NISSAN,X-Trail,N-Connecta,4x2,17900.0,2016-12-01,Diesel,17900.0,"4x4, SUV o pickup",Manual,130.0,0.0,C,41
446,NISSAN Qashqai 1.3 DIG-T N-CONNECTA 103KW 140 5P,NISSAN,Qashqai,N-Connecta,4x2,20900.0,2019-06-01,Gasolina,4500.0,Berlina mediana o grande,Manual,140.0,0.0,C,11
447,NISSAN Qashqai 1.2 DIG-T N-Connecta 4x2,NISSAN,Qashqai,N-Connecta,4x2,17890.0,2018-06-01,Gasolina,18000.0,Todo Terreno,Manual,115.0,12.0,C,23
448,NISSAN X-Trail 1.3 DIG-T N-Connecta 4x2 DCT,NISSAN,X-Trail,N-Connecta,4x2,25900.0,2019-06-01,Gasolina,5000.0,Todo Terreno,Automático,160.0,0.0,C,11
449,NISSAN Qashqai 1.2 DIG-T N-Connecta 4x2,NISSAN,Qashqai,N-Connecta,4x2,16810.0,2018-06-01,Gasolina,14460.0,Todo Terreno,Manual,115.0,18.0,C,23
450,NISSAN Micra 1.0 G VISIA 52KW 71 5P,NISSAN,Micra,Visia,4x2,9900.0,2019-05-01,Gasolina,4652.0,Berlina mediana o grande,Manual,71.0,24.0,C,12
451,NISSAN Juke 1.5dCi Acenta 4x2,NISSAN,Juke,Acenta,4x2,14900.0,2017-04-01,Diesel,22152.0,Todo Terreno,Manual,110.0,12.0,C,37
452,NISSAN Qashqai 1.5 DCI ACENTA 110 5P,NISSAN,Qashqai,Acenta,4x2,14990.0,2015-03-01,Diesel,56504.0,Berlina mediana o grande,Manual,110.0,12.0,C,62
453,NISSAN Leaf Tekna,NISSAN,Leaf,Tekna,4x2,11060.0,2014-06-01,Eléctrico,33570.0,Berlina,Automático,109.0,12.0,0 EMISIONES,71
454,NISSAN Micra 1.0 G ACENTA 52KW 71 5P,NISSAN,Micra,Acenta,4x2,10900.0,2019-03-01,Gasolina,3954.0,Berlina mediana o grande,Manual,71.0,24.0,C,14
455,NISSAN X-Trail 1.6 dCi N-Connecta 4x4-i 7 pl.,NISSAN,X-Trail,N-Connecta,4x4,25400.0,2018-07-01,Diesel,10716.0,Todo Terreno,Manual,130.0,24.0,C,22
456,NISSAN Qashqai 1.3 DIG-T N-CONNECTA 103KW 140 5P,NISSAN,Qashqai,N-Connecta,4x2,21500.0,2019-12-01,Gasolina,10.0,Berlina mediana o grande,Manual,140.0,0.0,C,5
457,NISSAN Qashqai 1.2 DIG-T N-Connecta 4x2,NISSAN,Qashqai,N-Connecta,4x2,18300.0,2018-06-01,Gasolina,18189.0,Todo Terreno,Manual,115.0,24.0,C,23
458,NISSAN Qashqai 1.3 DIG-T N-Connecta 4x2 103kW,NISSAN,Qashqai,N-Connecta,4x2,21500.0,2019-08-01,Gasolina,20.0,Todo Terreno,Manual,140.0,36.0,C,9
459,NISSAN Qashqai 1.2 DIG-T N-Connecta 4x2,NISSAN,Qashqai,N-Connecta,4x2,18500.0,2018-06-01,Gasolina,10901.0,Todo Terreno,Manual,115.0,36.0,C,23
460,NISSAN Qashqai 1.5dCi N-Connecta 4x2,NISSAN,Qashqai,N-Connecta,4x2,15400.0,2016-10-01,Diesel,51000.0,Todo Terreno,Manual,110.0,12.0,C,43
461,NISSAN Juke 1.5dCi Acenta 4x2,NISSAN,Juke,Acenta,4x2,11990.0,2017-01-01,Diesel,89708.0,Todo Terreno,Manual,110.0,12.0,C,40
462,NISSAN Qashqai 1.7 DCI TEKNA 110KW 150 5P,NISSAN,Qashqai,Tekna,4x2,25500.0,2019-07-01,Diesel,250.0,Berlina mediana o grande,Manual,150.0,0.0,C,10
463,NISSAN Qashqai 1.5dCi N-Connecta 4x2,NISSAN,Qashqai,N-Connecta,4x2,14900.0,2017-01-01,Diesel,57205.0,Todo Terreno,Manual,110.0,12.0,C,40
464,NISSAN Leaf 40KWH TEKNA PROPILOT PARK,NISSAN,Leaf,Tekna,4x2,31900.0,2020-02-01,Eléctrico,15.0,Berlina mediana o grande,Automático,150.0,36.0,0 EMISIONES,3
